paper,abstract,introduction,methods,results
Active_learning_for_data_streams_a_survey.pdf,"Online active learning is a paradigm in machine learning that aims to select the most informative data
points to label from a data stream. The problem of minimizing the cost associated with collecting labeled
observations has gained a lot of attention in recent years, particularly in real-world applications where data is
only available in an unlabeled form. Annotating each observation can be time-consuming and costly, making
it difficult to obtain large amounts of labeled data. To overcome this issue, many active learning strategies
have been proposed in the last decades, aiming to select the most informative observations for labeling in
order to improve the performance of machine learning models. These approaches can be broadly divided
into two categories: static pool-based and stream-based active learning. Pool-based active learning involves
selecting a subset of observations from a closed pool of unlabeled data, and it has been the focus of many
surveys and literature reviews. However, the growing availability of data streams has led to an increase in
the number of approaches that focus on online active learning, which involves continuously selecting and
labeling observations as they arrive in a stream. This work aims to provide an overview of the most recently
proposed approaches for selecting the most informative observations from data streams in real time. We
review the various techniques that have been proposed and discuss their strengths and limitations, as well as
the challenges and opportunities that exist in this area of research.
Keywords: stream-based active learning; online active learning; data streams; online learning; unlabeled data; query
strategies; selective sampling; concept drift; experimental design; bandits.
1","The deployment of machine learning models in real-world applications is often reliant on the availability of
significant amounts of annotated data. While recent advancements in sensor technology have facilitated the
collection of larger amounts of data, this data is not always labeled and ready for use in training models. Indeed,
the process of obtaining labeled observations for supervised learning models can be cost-prohibitive and time-
consuming, as it often requires quality inspections or manual annotation. In such cases, active learning proves
to be a valuable strategy to identify the most informative data points for use in training, thereby reducing the
overall cost of labeling and improving the performance of the model. Over the years, a plethora of active learning
approaches have been proposed in the literature, each with its own benefits and limitations. These approaches
seek to strike a balance between the cost of labeling and the quality of the model by selectively choosing the most
informative observations for querying. By carefully selecting the most informative observations, active learning
helps to minimize the amount of labeled data required and streamlines the learning process, contributing to its
overall efficiency.
Published in Machine Learning by Springer (2023). https://doi.org/10.1007/s10994-023-06454-2arXiv:2302.08893v4  [stat.ML]  29 Nov 2023While several surveys have been published on pool-based active learning (Aggarwal et al, 2014; Settles, 2009;
Fu et al, 2013; Kumar and Gupta, 2020), which involves selecting a fixed set of observations from a pool of
unlabeled data, the dynamic and sequential nature of many real-world problems often renders these approaches
impractical. This has led to growing interest in the online variant of active learning, also referred to as stream-
based active learning, which involves continuously selecting and labeling observations as they arrive in a stream,
allowing for real-time adaptation to changing data distributions. Lughofer (2017) provided a review of online
active learning approaches with a focus on fuzzy models. However, since its publication, numerous other online
active learning approaches have been proposed, and to the best of our knowledge, no other surveys have been
published to synthesize these developments. Moreover, surveys purely focusing on online learning from data
streams (Lu et al, 2018; Tieppo et al, 2022; Lima et al, 2022; Hoi et al, 2021) discuss","s that assume a
complete availability of labels, which is not the case in many real-world applications. The aim of this review is to
fill this gap by providing a comprehensive overview1of the most recently developed query strategies for online
active learning. It is worth noting that in certain cases, stream-based active learning is narrowly defined as the
act of selecting the most informative observations from a data stream to fit a predictive model. Instead, the act
of determining which observations to query while making predictions is referred to as online selective sampling
(Hanneke and Yang, 2021). In this work, we cover and examine all the methods that address the crucial problem
of selecting the most informative data points to label from a data stream in an online fashion. We will present the
techniques that have been proposed so far, discussing their strengths and limitations, as well as the challenges
and opportunities that exist in this field. In addition, we will provide an overview of evaluation strategies for
online active learning algorithms and highlight some real-world applications. Finally, we will identify potential
future research directions in this area.
This survey comprehensively explores various facets of active learning, encompassing both theoretical founda-
tions and practical challenges. By delving into this review, we aim to shed light on pertinent research questions,
including:
1.Query strategy. What sampling strategy should be used to maximize learning efficiency in a streaming context?
2.Timing of queries. When and how often should data points be queried to balance learning and resource
constraints?
3.Model updates. When should predictive models be updated and how can they adapt to changing data
distributions and concept drift?
4.Scalability. How can active learning methods be made scalable and efficient for high-velocity data streams?
5.Evaluation. What are appropriate evaluation metrics for assessing the performance of stream-based active
learning algorithms?
The structure of this paper is as follows. In Section 2, we provide an overview of active learning, including
the main instance selection criteria, an overview of the main active learning scenarios, and the connection
between active learning and semi-supervised learning. Section 3 represents the core of the review, with a brief
overview of how online active learning approaches have been classified, followed by a detailed description of the
state-of-the-art approaches. In Section 4, we examine evaluation strategies for online active learning algorithms.
Section 5 highlights real-world applications and challenges. Section 6 provides a summary of the most common
online active learning methods and highlights potential directions for future research. Finally, Section 7 provides
conclusions and summarizes the key contributions of the review.
2 Preliminaries on active learning
In supervised learning, we seek to learn a function that can predict the output variable, also known as response,
given a set of input variables, also known as covariates. This function is often learned by training a model on
a labeled dataset that consists of a large number of input-output pairs. However, obtaining labeled examples is
not always straightforward, and it may not be possible or practical to label all the available data. In these cases,
active learning can be used to select a subset of the data for labeling in order to improve the performance of the
model, when there is a budget constraint on the number of unlabeled observations that can be queried. Indeed,
there are many examples of how a classification or regression model can achieve a performance that is similar to
what can be achieved when all the labels are available, using only a small fraction of the available observations.
1We conducted a search on SCOPUS and Google Scholar using the following keywords: ”on-line active learning”, ”online active learning”,
”stream-based active learning”, ”single pass active learning”, ”online selective sampling”, ”sequential selective sampling”, and ”active
learning” combined with ”data stream”. Each paper was reviewed individually to determine its relevance to online active learning. We
eliminated irrelevant papers and manually added some papers that did not contain these keywords but used online active learning methods
or were relevant to our discussion. Additionally, we included related papers that were necessary to understand the bigger picture from the
references of the reviewed strategies.
22.1 Instance selection criteria
The main challenge in active learning is deciding which data points to label. There are many strategies for
selecting data points in active learning, and most of them can be associated with one of these groups:
•Uncertainty-based query strategies. These approaches focus on selecting data points that the model is least
confident about, in order to reduce its uncertainty (Lu et al, 2016; Tong and Koller, 2002). When using
classification models, the most widely used is the margin-based query strategy, where data points close to the
decision boundary are selected (Roth and Small, 2006; Balcan et al, 2007).
•Expected error or variance minimization. These strategies estimate the future error or variance, when a newly
labeled example is made available, and try to minimize it directly (Cohn et al, 1996; Roy and Mccallum, 2001).
•Expected model change maximization. This strategy involves selecting data points that would have the greatest
impact on the estimate of the current model parameters if they were labeled and added to the training set
(Cai et al, 2013).
•Disagreement-based query strategies. These approaches focus on selecting data points where there is disagree-
ment among multiple models or experts (Hanneke, 2014; Wang, 2011; Steve and Liu, 2014; Sheng et al, 2008).
One of the most common approaches that use an ensemble of models is query by committee (Seung et al,
1992; Freund et al, 1997; Burbidge et al, 2007), which uses an ensemble of models to identify instances where
the models have conflicting predictions.
•Diversity- and density-based approaches. These methods exploit the structural information of the instances
and try to select data points that are diverse and representative of the overall distribution of the data. One
example of this approach is the use of Mahalanobis distance to seek observations that are far from the currently
labeled data points (Ge, 2014; Cacciarelli et al, 2022a). Clustering may be applied to label representative data
points (Nguyen and Smeulders, 2004; Min et al, 2020; Ienco et al, 2013), and graph-based methods can be
employed to explore the structure information of labeled and unlabeled data points (Zhang et al, 2020b) or
to build upon the semi-supervised label propagation strategy (Long et al, 2008).
•Hybrid strategies. These are active learning algorithms that combine multiple instance selection criteria (Don-
mez et al, 2007; Huang et al, 2014). For example, by combining margin-based sampling with clustering the
learner can select the most uncertain observations within different areas of the input space.
By considering these different strategies, one can select the most appropriate approach for a given problem
based on the characteristics of the data and the specific requirements of the application.
2.2 Active learning scenarios
Active learning can be broadly categorized into three macro scenarios, based on how the unlabeled instances are
supplied to the learner and then selected to be labeled by an oracle. Regardless of the particular query strategy
being employed, these macro scenarios provide a framework for understanding the flow of information and the
decision-making steps involved in active learning. These scenarios serve as a high-level categorization of different
methods for approaching the active learning problem, each with its own set of advantages and disadvantages
depending on the specific use case. Understanding these macro scenarios is crucial for selecting the appropriate
active learning technique for a particular problem and for comparing different active learning algorithms. In the
next subsections, each of the three macro scenarios will be discussed.
2.2.1 Membership query synthesis active learning
This scenario represents the case when the learner is given complete freedom to ask for the label of any data point
belonging to the input space or for a synthetically generated one. Some examples of membership query synthesis
active learning include image classification, where the learner can generate modified versions of existing images
to be labeled, or object detection, where the learner can generate new instances by combining and transforming
existing instances. In natural language processing (NLP) tasks such as text classification or sentiment analysis,
the learner might generate synthetic examples in the form of sentences or paragraphs that cover a wider range
of variations in the language. Also, in speech recognition, the learner might generate synthetic speech samples
in different accents, pronunciations, or speaking styles in order to improve the recognition accuracy. However,
as highlighted by Baum and Lang (1992) and Settles (2009), the main drawback of this strategy is that it
could generate unlabeled examples for which no labels can be associated by a human annotator (e.g., a mixture
between a number and a letter). A general flowchart for this scenario is reported in Figure 1, where the scheme
is repeated until a budget constraint on the requested labels is met, or a stopping criterion on the achieved
performance is satisfied.
3Labeled data
Train/update model
Synthetically generate instance(s)
Ask for the label(s)
ModelFig. 1 Membership query synthesis active learning.
In the context of deep active learning (Ren et al, 2022), the membership query synthesis scenario can be
addressed by using generative models. For instance, generative adversarial networks (GANs) have been used
to generate additional instances from the input space that may provide more informative labels for the learner
(Goodfellow et al, 2014). This can be done by using GANs for data augmentation, as GANs are capable of
generating diverse and high-quality instances (Zhu and Bento, 2017). Another approach is to combine the use of
variational autoencoders (VAEs) (Kingma and Welling, 2013) and Bayesian data augmentation, as demonstrated
by Tran et al. (Tran et al, 2019, 2017). The authors used VAEs to generate instances from the disagreement
regions between multiple models, and Bayesian data augmentation to incorporate the uncertainty of the generated
instances in the learning process.
2.2.2 Pool-based active learning
Pool-based active learning is one of the most widely studied scenarios in the machine learning literature. The
goal is to select the most informative subset of observations from a closed, static set of unlabeled data points.
The majority of the proposed pool-based active learning approaches have been developed for classification tasks
(Cai et al, 2013), with image classification being a common application in computer vision (Li and Guo, 2013),
as manually labeling large image datasets can be a challenging task.
Train/update model
Rank observations
Ask for the label(s)
Labeled data
Unlabeled data
Select top 𝑘 instance(s)
Model
Fig. 2 Pool-based active learning.
The flowchart in Figure 2 provides an overview of pool-based active learning sampling schemes, where k
represents the number of unlabeled instances whose label is queried at each round. Traditional machine learning
models that do not require substantial computational resources to train are typically associated with a choice of
kequal to one (Vahdat et al, 2019). This allows a timely update of the instance selection criteria, avoiding the
redundant labeling of similar data points. However, larger values of khave also been used in practice, such as
the analysis performed by Ge (2014) for values ranging from 5 to 30 or the approach used by Cai et al (2013)
to add 3% of the total number of observations to the training set each time. Using a higher kvalue may be
more practical when working with large models, as repeated training can be computationally expensive and
challenging. To this extent, batch mode active learning is generally considered to be a more efficient and effective
option for image classification or detection tasks compared to the one-by-one query strategy, as the latter can
be resource-intensive and time-consuming when working with large neural networks (Ren et al, 2022). This is
because re-training the model with just one new data point with high input dimensionality may not","in
significant improvement (Ren et al, 2022). In general, the choice of kmay be problem- or model-specific, as it
represents a trade-off between computational efficiency and the risk of querying redundant labels.
To enhance pool-based active learning, many approaches combine uncertainty-based instance selection criteria
with acquisition functions such as entropy (Shannon, 1948; Wu et al, 2022), mutual information (Haussmann
4et al, 2020), or variation ratio (Schmidt et al, 2020). Entropy is commonly used as an acquisition function in
active learning because it provides a way to measure the uncertainty of the model predictions for a given data
point. The entropy of a probability distribution is a measure of the amount of disorder or randomness in the
distribution. In the context of active learning, the entropy of a model’s predicted class probabilities for a data
point can be used as a measure of the model’s uncertainty about the correct class label for that data point.
Acquiring examples with the highest uncertainty is one way to select data points for annotation, but it is not
the only way. Mutual information and variation ratio can also be used on the predictions obtained with the
current model, in order to seek a diverse set of data points for which the predictions are the most uncertain. For
a more comprehensive discussion on pool-based active learning, readers are referred to the surveys (Aggarwal
et al, 2014; Settles, 2009; Fu et al, 2013; Kumar and Gupta, 2020).
2.2.3 Online active learning
In this type of active learning, we cannot greedily select the most informative observations from a static pool,
as the instances are generated in a continuous stream and cannot be stored in their entirety before a decision is
made. This is similar to the famous statistical puzzle known as the secretary problem (Freeman, 1983), where a
hiring manager must make a hiring decision for each applicant as they are interviewed, without the benefit of
seeing all applicants first. In general, online active learning is a crucial scenario for various real-world applications
where the ability to make a sampling decision in real-time is of utmost importance. A few examples are:
•Chemical or manufacturing processes. In these applications, a learner is tasked with predicting the quality of
the final product but may only have a short timeframe to make the sampling decision, to avoid traceability
issues, particularly in high-volume production (Schmitt et al, 2013; Lieber et al, 2012). Also, tasks like predic-
tive maintenance and visual inspection might benefit from a real-time selection of new examples to be labeled
and included in the training set (Roˇ zanec et al, 2022).
•Video streaming and clinical trials. In these cases, a decision must be made on the fly, as users arrive or
volunteers appear sequentially, and there may not be enough time to accumulate a pool of potential users or
patients (Fowler et al, 2023; Riquelme, 2017).
•Text classification: In NLP, online active learning can be used for tasks such as sentiment analysis and spam
detection, where the learner continuously learns from new incoming data points which need to be labeled to
update the model in real-time and improve accuracy (Kranjc et al, 2015).
•Fraud detection. To effectively detect fraudulent activities, the learner must continuously select new examples
to label so that it can continuously update its decision-making process (Carcillo et al, 2018, 2017).
•Online customer service. Online customer service agents can use online active learning to improve their per-
formance by continuously learning from customer interactions. To do this, the learner must continuously select
new examples to label or customer information to obtain, so that it can predict the best response based on
past interactions and improve its accuracy over time (Zheng and Padmanabhan, 2006).
•Marketing. Online active learning could also be applied in the field of marketing to select informative examples
in real-time and continuously optimize customer targeting and personalization (Carnein and Trautmann, 2019;
Jamil and Khan, 2016).
Train/update model
Observe an unlabeled data point
Ask for the label
Labeled data
Data stream
Is it useful?
Discard the observationYesNo
Model
Fig. 3 Single-pass online active learning.
One of the defining features of online active learning strategies is their data processing capabilities. Figure 3
and Figure 4 provide a visual representation of the two main approaches; single-pass and window-based. Single-
pass algorithms observe and evaluate each incoming data point on the fly, whereas window-based algorithms, also
referred to as batch-based methods, observe a fixed-size chunk of data at a time. In this approach, the learner
evaluates the entire batch of data and selects the top kobservations as the most informative ones to be labeled.
5This approach is referred to as best-out-of-window sampling. The specific value of kand the dimensionality
of the buffer can vary based on the storage capabilities of the system and the computational time required to
update the model. Window-based methods are useful in situations where data is generated in large quantities
and the algorithm does not have a tight constraint on the time available for decision-making. In contrast, single-
pass methods are necessary when the algorithm needs to make a decision immediately after observing a specific
data point.
Train/update model
Observe an unlabeled data point
Ask for the label(s)
Labeled data
Data stream
Is it full?YesNo
Model
Buffer
Select top 𝑘instance(s)
Fig. 4 Window- or batch-based online active learning.
Another critical property in the design of an effective online active learning strategy is the assumption
made about the data stream distribution. One important difference to consider is whether the data stream is
stationary or drifting. A stationary data stream is characterized by a stable data generating process where the
statistical properties of the data distribution that remain constant over time. Conversely, a drifting data stream is
marked by changing statistical properties of the data distribution over time, potentially due to alterations in the
underlying data generating process. The distinction between stationary and drifting data streams is significant
because it affects the performance of the active learning strategies. Online active learning strategies that have
been developed for stationary data streams may lead to suboptimal performance when applied to drifting data
streams. This is because concept drift can alter the scale of the informativeness measure of unlabeled data points
or even urge a complete change of the model, with the acquisition of more observations to accommodate the
new concept. Therefore, it is important to accurately assess the nature of the data stream distribution in the
design of an active learning strategy. A failure to do so can result in a suboptimal performance and a reduced
ability to effectively leverage the strengths of active learning. Another important property to consider when
designing an active learning strategy is the label delay or verification latency. This refers to the time needed by
the oracle to provide the label when it is requested by the learner. In some cases, there may be a delay Lin the
oracle providing the label after it has been requested. This property must be taken into account when designing
a sampling strategy as there may be redundant label requests for similar instances if this issue is not properly
addressed. Label delay can be classified into null latency, intermediate latency, or extreme latency (Souza et al,
2018). The case with null latency, or immediate availability of the label upon request, is commonly used in the
stream mining community, but may not be realistic for many practical applications. Extreme latency, where
labels are never made available to the learner, is closer to an unsupervised learning task. Intermediate latency
assumes a delay 0 < L < ∞in the availability of the labels from the oracle.
Finally, the training efficiency of the online active learning algorithms should also be taken into considera-
tion. There are two main training approaches in active learning; incremental training and complete re-training.
Incremental training involves updating model parameters with a small batch of new data, without starting the
training process from scratch (Polikar et al, 2001; Wu et al, 2019; Shilton et al, 2005; Istrate et al, 2018). This
approach allows the model to learn from new data while preserving its existing knowledge. This can be achieved
through fine-tuning the model parameters with the new data, or by using techniques such as elastic weight
consolidation, which prevent previous knowledge from being erased. Complete re-training, on the other hand,
involves training a new model from scratch using the entire labeled data collected so far. This approach discards
the previous knowledge of the model and starts anew, which may result in the loss of knowledge learned from
previous data. Complete re-training is typically used when the amount of new data is substantial, the previous
model is no longer relevant, or when the model architecture needs to be altered. It is important to note that
the choice of training approach in online active learning algorithms can have a significant impact on the overall
performance and effectiveness of the model.
62.3 Connection between active learning and semi-supervised learning
Semi-supervised learning is a field of research that is closely related to active learning, as both methods are
developed to deal with limited labeled data. While active learning aims to minimize the amount of labeled data
required to train a model, semi-supervised learning is a technique that trains a model using a combination of
labeled and unlabeled data. Active learning can be considered a special case of semi-supervised learning, as it
allows the model to actively select which data points it wants to be labeled, rather than relying on a fixed set of
labeled data. In the context of online learning, Kulkarni et al (2016) conducted a study that provided an overview
of semi-supervised learning techniques for classifying data streams. These techniques do not address the primary
question of active learning, which is when to query , but they are useful in exploiting the information contained
in the unlabeled data points and in addressing issues related to model update and retraining in limited labeled
data environments. It is also worth noting that semi-supervised learning can be used in combination with active
learning to improve the data selection strategy. By leveraging the strengths of both methods, it is possible to
achieve better performance and more efficient learning compared to using either method alone.
Semi-supervised learning approaches can be distinguished into three categories, unsupervised preprocessing,
wrapper methods, and graph-based methods. Unsupervised preprocessing refers to the use of unsupervised
learning techniques, such as dimensionality reduction (Cacciarelli and Kulahci, 2023), clustering, or feature
extraction, to preprocess the entire dataset, labeled and unlabeled, before it is fed to the supervised model
(Frumosu and Kulahci, 2018). The goal is to transform the data into a more useful representation that can be
learned more easily by a supervised model and can support the sampling of more informative data points. This
strategy can also help reduce the dimensionality of the learning problem, thus improving the model parameter
estimation when only a few queries can be made. Related to the online active learning problem, Roˇ zanec et al
(2022) used a pre-trained network to extract salient features from unlabeled images before starting the sampling
routine. Similarly, Cacciarelli et al (2022a) used an autoencoder trained on all the available unlabeled data points
to improve the performance of online active learning for linear regression models.
Wrapper methods, on the other hand, use one or more supervised learners that are trained on labeled data
and pseudo-labeled unlabeled data. There are two main variants of wrapper methods, self-training and co-
training. Self-training uses a single supervised model that is trained on labeled data, and pseudo-labels are used
for the data points with confident predictions. Co-training, on the other hand, extends self-training to multiple
supervised models, where two or more models exchange the most confident predictions to obtain pseudo-labels.
Pseudo-labels can be very beneficial in label-scarce environments, but one must be mindful of the confirmation
bias issue, where the model might rely on incorrect self-created labels. This problem has been extensively analyzed
by Baykal et al (2022) in the active distillation scenario, which is a strategy where a smaller model, known as
the student model, is trained to mimic the behavior of a larger pre-trained model, known as the teacher model
(Hoang et al, 2021; Kwak et al, 2022). In this context, confirmatory bias refers to the student model tendency
to reproduce the predictions of the teacher model, even when the teacher predictions are incorrect. This can
happen when the student model is trained to mimic the teacher model output too closely, without considering the
underlying errors. To mitigate this, active distillation techniques use sample selection methods that encourage
the student model to learn from data points where the teacher model makes errors, rather than just reproducing
the teacher model predictions. In the more general active learning framework, confirmation bias might also refer
to the tendency of an active learning algorithm to select examples that confirm its current hypothesis, rather
than selecting examples that would challenge or improve it.
Finally, graph-based methods construct a graph on all available data and fit a supervised model, where
the loss comprises a supervised loss and a regularization term that penalizes the difference between the labels
predicted for connected data points. In the online active learning scenario, the graph structure can be used to
model the similarity between data points, and the active learning algorithm can select the examples to label
based on their position on the graph, such as selecting examples that are in low-density regions or are distant
from other labeled examples.
3 Online active learning approaches
In this review, we present a taxonomy of online active learning strategies into four categories:
1.Stationary data stream classification approaches. These methods are designed to tackle online classification
tasks, where the model is updated on the fly using newly labeled examples selected from a stream of data
that does not change significantly over time. These methods are particularly useful in scenarios where the
data distribution is relatively stable, such as quality control in industrial processes, where stationarity is often
ensured by control actions taken at regular intervals and continuous maintenance of the components of the
7system (Bisgaard and Kulahci, 2011). Another example is represented by human activity recognition using
wearable devices, where data is collected over time from wearable devices such as fitness trackers to identify
patterns of activity like walking, running, or sleeping. This scenario would fall into this category because the
data stream is relatively stable, and the model can be updated in real-time as new labeled examples become
available (Miu et al, 2015).
2.Drifting data stream classification approaches. These online active learning strategies are specifically designed
to handle classification tasks in dynamic environments where the data distribution constantly changes. These
approaches are designed to adapt to changes in the data distribution in order to maintain high classification
accuracy. Some real-world applications might be fraud detection or intrusion detection. In financial fraud
detection, fraudsters often change their methods to evade detection, so a classification model used for fraud
detection must be able to adapt to new patterns of fraud as they emerge or to new customer habits (Zhang
et al, 2022). In real-time intrusion detection, computer networks detection systems must be able to detect
new forms of cyberattacks as they appear, so the classification models used must be able to adapt to changes
in the data distribution over time (Nixon et al, 2021). This scenario would fall into this category because the
data stream is constantly changing, and the model must be able to adapt to changes in the data distribution
over time to maintain high accuracy.
3.Evolving fuzzy system approaches. These approaches are based on a type of fuzzy system that can adapt and
change over time, in response to new data or changes in the environment (Gu et al, 2023). In traditional fuzzy
systems, the rules and membership functions that define the system are fixed and do not change over time.
Evolving fuzzy systems, on the other hand, are able to adapt their rules and membership functions based
on new data or changes in the environment. This is particularly useful in applications where the data or the
environment is non-stationary and evolves over time, such as in control systems for autonomous vehicles,
where we must be able to adapt to changes in the environment, such as traffic patterns, road conditions, and
weather (Naranjo et al, 2007; Wang et al, 2015).
4.Experimental design and bandit approaches. These methods, mostly related to regression models, actively
select the most informative data points to improve model predictions. This category includes online active
linear regression and sequential decision-making strategies like bandit algorithms or reinforcement learning.
These methods adaptively select the most promising options in a given situation. An example is given by
online advertising, where a model is used to select the most promising advertisements to display to users
based on their browsing history and other factors (Avadhanula et al, 2021). This scenario would fall into
this category because the model must adaptively select the most promising options in real-time based on
the information available at that time. Also, in clinical trials, a model is used to select the most promising
patients to enroll in a clinical trial based on their medical history and other personal information. Finally, in
drug development studies (R´ eda et al, 2020), online active learning can be used to select the most promising
compounds for further testing and development, based on their potential efficacy and safety.
This categorization provides a comprehensive overview of the different types of online active learning strategies
and how they can be applied in various scenarios. While the simplest active learning strategy, random sampling,
is available and involves selecting data points randomly from the stream for annotation, we will primarily focus
on more specialized strategies designed to address scenarios where informed decisions are crucial due to resource
constraints or where the data distribution is non-stationary.
Figure 5 depicts a general framework illustrating the essential components shared by the various categories
of online active learning algorithms. The accompanying callouts highlight key options utilized by these methods.
The following sections will provide an in-depth analysis of these strategies. For a more detailed flowchart regarding
the drift detection and adaptation process, please refer to Lu et al (2018); Lima et al (2022).
3.1 Stationary data stream classification approaches
In online active learning, a commonly employed strategy is to request labels for data points that are considered
to be informative enough based on a pre-determined threshold. This threshold can be established through a
variety of techniques, depending on the instance selection criterion used to evaluate the informativeness of the
unlabeled observations. Another method, sometimes referred to as b-sampling, is to calculate the probability
that a data point will be queried by adjusting the parameter of a Bernoulli random variable, as proposed by
Cesa-Bianchi et al. in one of the pioneering studies on online active learning (Cesa-Bianchi et al, 2004, 2006).
They used a linear predictor characterized by the weight vector w∈Rdand, at each time step t, after observing
the current data point xt, the binary output y∈ {− 1,+1}is predicted using
byt= SGN 
w⊤
t−1xt
(1)
8Instance evaluation
Data stream
Drifting data?
Model updateYesNo
Model
Instance selection
Sampling strategy
- Single pass- Batch
- Uncertainty- Diversity- …
- Thresholding- 𝑏-sampling
- Single model- Ensemble
Drift detection
- Re-training- Incremental- Batch-mode
- Adjust sampling rate- Replace model- Change ensemble weights- …
- Classification- Regression- …
Drift adaptation
- DDM- ADWIN- …Fig. 5 Online active learning: general framework.
where wt−1is the weight vector estimated with the previously seen labeled examples ( x1, y1), . . . , (xt−1, yt−1).
The value w⊤
t−1xtis the margin, bpt, ofwt−1on the instance xt. If the learner queries the label yt, a new weight
vector is estimated using the newly added labeled example ( xt, yt) with the regular perceptron update rule
(Rosenblatt, 1958) as in
wt=wt−1+Mtytxt (2)
where Mtrepresents the indicator function of the event byt̸=yt. If the label is not requested, the model remains
unchanged, and we have wt=wt−1. At each time step t, the learner decides whether to query the label of a
data point xtby drawing a Bernoulli random variable Zt∈ {0,1}, whose parameter is given by
Pt=b
b+|bpt|(3)
where b >0 is a positive smoothing constant that can be tuned to adjust the labeling rate. In general, as bpt
approaches 0, the sampling probability Ptconverges to 1, suggesting that the labels are requested for highly
uncertain observations. The sampling scheme introduced by Cesa-Bianchi et al (2004) is referred to as selective
sampling perceptron, and it is reported in Algorithm 1.
A similar approach to the one proposed by Cesa-Bianchi et al (2004) was investigated by Dasgupta et al
(2005), who presented one of the first thresholding techniques for online active learning. They suggested setting a
threshold on the margin, with the idea of sampling data points xtwith a value of |bpt|lower than a given threshold
Γ. The threshold is initially set at a high value and iteratively divided by two until enough misclassifications
occur among the queried points. The linear classifier is updated using the reflection concept [60] to give more
focus to recent data points. Sculley (2007) built on the works of Cesa-Bianchi and Dasgupta to analyze the
online active learning scenarios for real-time spam filtering. The author compares two models, a perceptron
and a support vector machine (SVM), and tries three different instance selection criteria, the fixed thresholding
approach by Dasgupta et al (2005), the Bernoulli-based approach by Cesa-Bianchi et al (2004), and a newly
developed logistic margin sampling. The perceptron is updated as per Dasgupta et al (2005), while the SVM is
retrained on all available labeled observations each time a new data point is added. According to the logistic
margin sampling strategy, the sampling decision is taken by drawing a Bernoulli random variable Zt∈ {0,1}
with a parameter given by
Pt=e−γ|bpt|(4)
As in the traditional b-sampling approach introduced by Cesa-Bianchi et al (2004), this sampling strategy
depends on the uncertainty, meant as the distance from the prediction hyperplane. The main difference between
the two strategies is the shape of the resulting sampling distribution, which can be observed in Figure 6.
9Algorithm 1 Selective sampling perceptron
Require: a data stream S, an initial model w0= (0, . . . , 0)⊤, a time horizon T, a sampling budget B, a
parameter b.
t←1 ▷Timestamp
c←0 ▷Labeling cost
while c≤B,t≤Tdo
Observe an incoming data point xt∈Sand set bpt=w⊤
t−1xt
Predict the label byt= SGN ( bpt)
Draw a Bernoulli random variable Ztof parameter Pt=b/(b+|bpt|)
ifZt= 1then ▷Sampling decision
Ask for the true label ytand update the model
c←c+ 1 ▷Pay for the label
else
Discard xt
end if
t←t+ 1
end while
Fig. 6 Shape of the sampling distributions for b-sampling (a) and logistic sampling (b), for different values of bandγ.
The selective sampling perceptron approach has also been investigated by Lu et al (2016), who proposed an
online passive-aggressive active learning variant of the algorithm. Similarly to the b-sampling approach, at each
time step t, a Bernoulli random variable Zt∈ {0,1}is drawn to decide whether to query the label of the current
data point xtor not. In this case, the parameter of Ztis given by
Pt=δ
δ+|bpt|(5)
where δ≥1 is a smoothing parameter. Besides not allowing the smoothing parameter to assume a value lower
than 1, the sampling distribution is the same as the one governed by the parameter in Equation 3. The main
difference lies in the passive-aggressive approach used for updating the weight vector. Indeed, while the traditional
perceptron update, shown in Equation 2, only uses misclassified examples to update the model, the passive-
aggressive approach updates the weight vector w∈Rdwhenever the current loss ℓt(wt−1; (xt, yt)) is nonzero
(Crammer et al, 2006). The new parameter wtis found using
wt=wt−1+τtytxt (6)
where τtrepresents the step size, and can be computed according to three different policies
10τt=

ℓt(wt−1; (xt, yt))/∥xt∥2
min
κ, ℓt(wt−1; (xt, yt))/∥xt∥2
ℓt(wt−1; (xt, yt))/
∥xt∥2+ 1/2κ(7)
where κis a penalty cost parameter. Passive-aggressive algorithms are known for their aggressive approach in
updating the model, which is motivated by the fact that traditional perceptron updates might waste data points
that have been correctly classified but with low prediction confidence.
A related issue to the update of the weight vector wtwas emphasized by Bordes et al (2005), who noted that
always picking the most misclassified example is a reasonable sampling strategy only when the training examples
are highly confident. When dealing with noisy labels, this strategy could lead to the selection of misclassified
examples or examples lying on the wrong side of the optimal decision boundary. To address this, they suggested
a more conservative approach that selects examples for updating wtbased on a minimax gradient strategy.
In addition to confidence in the labels of the training examples, confidence in the model itself must be
considered when the sampling strategy is based solely on model predictions. Hao et al (2018b) pointed out that
a margin-based sampling strategy may be suboptimal when the classifier is not precise, especially in the early
rounds of active learning when the model performance may be poor due to limited training feedback, leading to
misleading sampling decisions. This issue is also referred to as cold-start active learning (Houlsby et al, 2014;
Yuan et al, 2020; Jin et al, 2022). To address this, Hao et al (2018b) propose considering second-order information
in addition to margin value when deciding whether or not to query the label of a data point xt. In general,
first-order online active learning strategies only consider the margin value, while second-order methods also take
into account the confidence associated with it. To do this, they assume that the weight vector of the classifier
w∈Rdis distributed as
w∼ N(µ,Σ) (8)
where the values µiand Σ i,iencode the model knowledge and confidence in the weight vector for the ith feature
wi. The covariance between the ith and jth features is captured by the term Σ i,j. The smaller the variance
associated with the coefficient wi, the more confident the learner is about its mean value µi. The objective
of the proposed method is to take into account the confidence of the model when updating the model and
making the sampling decision. With regards to the model update, when the true label ytofxtis queried, the
Gaussian distribution in Equation 8 is updated by minimizing an objective function based on the Kullback-
Leibler divergence (Joyce, 2011) to ensure the updated model is not too different from the previous one. The
sampling decision uses an additional parameter to the margin bpt, which is defined as
ct=−η
2
1
νt+1
γ (9)
where η, γ > 0 are two fixed hyper-parameters and νtrepresents the variance of the margin related to the data
point xt. The intuition is that, when the variance νtis high, the model has not been sufficiently trained on
instances similar to xt, and querying its label would lead to a model improvement. Then, a soft margin-based
approach is employed by computing
ρt=|bpt|+ct (10)
Ifρt≤0, the label is always queried as the model is extremely uncertain about the margin. Instead, when
ρt>0, the model is more confident, and the labeling decision is taken by drawing a Bernoulli random variable
of parameter
Pt=δ
δ+ρt(11)
where δ >0 is a smoothing parameter. Finally, Hao et al (2018b) also introduced a cost-sensitive variant of the
loss function, for dealing with class-imbalanced applications. For a comprehensive discussion on imbalanced data
stream analysis, please see Aguiar et al (2023).
The cold-start issue related to the application of active learning to imbalanced datasets has also been high-
lighted by Qin et al (2021), who used extreme learning machines (Huang et al, 2006) and extended the active
learning framework initially proposed by Yu et al (2015) to the multiclass classification scenario. They highlighted
the challenge of the lack of instances for certain classes in imbalanced datasets, which can seriously impact the
predictive ability of the model for those classes. To address this issue, they propose a sampling strategy that
11considers both diversity and uncertainty. The diversity is calculated by computing pairwise Manhattan distance
between the unlabeled observations. The uncertainty of a data point xtis computed by taking the difference
between the largest two posterior probabilities as in
margin ( xt) =p(y=cb|xt)−p(y=csb|xt) (12)
where cbandcsbare the classes with the highest posterior probabilities. This approach is also referred to as
best-versus-second-best margin and, as highlighted by Joshi et al (2009), is a good indicator of uncertainty when
a large number of classes are present in the data. It should be noted that the sampling strategy introduced by
Qin et al (2021) is not suited for single-pass active learning as it requires computing similarity and uncertainty
measures for all the unlabeled observations in the current batch.
Another approach to deal with class imbalance in active learning was proposed by Ferdowsi et al (2013), who
used linear SVMs and a sampling strategy that switches between multiple instance selection criteria online. This
approach, however, is limited to a pool-based setting and requires predicting an unsupervised evaluation score
for all available unlabeled instances. The impact of the last queried observations on the scores associated with
the unlabeled data points is evaluated, and a greedy approach is used to decide which instance selection criterion
to trust. SVMs have also been used by Ghassemi et al (2016), who proposed a differentially private approach
to online active learning. The privacy concerns are tackled both during the instance selection and the training
phase, by randomizing the strategy introduced by Tong and Koller (2002). The informativeness of a data point
xtis measured by its closeness to the current hyperplane wtas in
c(t) = exp ( −d(xt,wt))∈[0,1] (13)
where the distance function d(xt,wt) is defined as
d(xt,wt)≜|⟨wt,xt⟩|
∥wt∥(14)
In the traditional framework, the label ytis queried if we have c(t)>Γ, where Γ is a pre-defined threshold. It
should be noted that c(t)>Γ is equivalent to d(xt,wt)≤log 1/Γ, which means that the observation xtis in a
sampling region of width 2 log 1 /Γ around wt. However, to avoid a deterministic decision process on the labeling
and ensure privacy, some randomness needs to be introduced. This can be done in two ways. First, the labeling
decision can be modeled as a Bernoulli random variable of parameter pifc(t)<Γ or (1 −p) ifc(t)≥Γ, where
p <1/2. Another approach is based on the exponential mechanism introduced by McSherry and Talwar (2007).
According to this strategy, the algorithm sets a constant probability of labeling data points within a sampling
region defined by α, and a decaying probability for points outside of it. The selection strategy is represented by
a Bernoulli of parameter
q(t) =(
e−αϵ/∆d(xt,wt)≤α
e−d(xt,wt)ϵ/∆d(xt,wt)> α(15)
where ϵ >0 and ∆ = (1 −α/M )M. The authors assumed all data points belonging to the stream to be bounded
in norm by M,∥xt∥ ≤Mfort= 1, . . . , T . To tackle the privacy concerns while training, the authors propose two
mini-batch strategies, to avoid the problem of slow convergence that may result from introducing noise according
to the private stochastic gradient descent scheme (Bassily et al, 2014; Song et al, 2013; Duchi et al, 2013).
Two different approaches have been proposed by Ma et al (2016) and Shah and Manwani (2020). Ma et al
(2016) proposed a query-while-learning strategy for decision tree classifiers. They used entropy intervals extracted
from the evidential likelihood to determine the dominant attributes, which are ordered based on the information
gain ratio. When a new data point xtis observed, its label is queried only if there does not exist a dominant
attribute. This will help to identify one and narrow the entropy interval. However, it should be noted that
the authors consider a query while learning framework that only partially relates to to online active learning.
Shah and Manwani (2020) investigated the online active learning problem for reject option classifiers. Given
the high cost that is sometimes associated with a misclassification error, these models are given the option of
not predicting anything, for example when dealing with a highly ambiguous instance. A typical application of
reject option classifiers is in the medical field, when making a diagnosis with ambiguous symptoms might be
particularly difficult. In this case, it could be more beneficial not to provide a prediction but suggest further
tests instead. They proposed an approach based on a non-convex double ramp loss function ℓdr(Manwani et al,
2013), where the label of the current example xtis queried only if it falls in the linear region of the loss given
by|ft(xt)| ∈[ρt−1, ρt+ 1], which is the region where the parameter would be updated. Here, ρrefers to the
bandwidth parameter of the reject option classifier that determines the rejection region.
12Fujii and Kashima (2016) investigated the problem of Bayesian online active learning. They provided a general
framework based on policy-adaptive submodularity to handle data streams in an online setting. The authors
distinguish between the stream setting, where the labeling decision can be made within a given timeframe, and the
secretary setting, introduced in Section 2, where the labeling decision must be made immediately. The proposed
framework can be applied in a variety of active learning scenarios, such as active classification, active clustering,
and active feature selection. The framework is based on the concept of adaptive submodular maximization,
which extends the idea of submodular maximization. A set function is considered to be submodular if it satisfies
the property of diminishing returns, meaning that adding an element to a smaller set has a greater impact on
the function value than adding the same element to a larger set. Adaptive submodular maximization allows the
model to adapt to the changing distribution of data over time, by adjusting the set function to reflect the current
state of knowledge. This leads to more efficient use of available data and improved performance.
So far, we discussed several single model approaches to active learning, which have shown promising results
in various applications. However, it is important to note that single models have their limitations and can
sometimes struggle to capture complex patterns and diverse representations present in the data. To address these
limitations, researchers have proposed the use of ensembles or committees as an alternative (Krawczyk et al,
2017). An ensemble or committee refers to a group of multiple models that collaborate to produce a more robust
and accurate prediction by combining their individual predictions. The models in an ensemble or committee can
be trained on different subsets of the data or with varying hyperparameters, and the final prediction is typically
made through either voting or weighted averaging. Ensembles or committees can also be regarded as a collection
of models that work together to make a prediction, either by exchanging information or learning from one another.
Among this class of methods, a common sampling strategy is represented by disagreement-based active learning.
A framework to perform disagreement-based active learning in online settings was recently introduced by Huang
et al (2022). They characterized the learner by a hypothesis space Hof Vapnik-Chervonenkis (VC) dimension
d, which is composed of all the classifiers currently under consideration, and a Tsybakov noise model (Mammen
and Tsybakov, 1999; Tsybakov, 2004). Each classifier h∈ His a measurable function mapping the observation xt
to binary output yt={0,1}. The disagreement among two classifiers is given by d(h1, h2) =P[h1(x)̸=h2(x)]
and the disagreement region is defined as
D(h1, h2) ={x∈ X:h1(x)̸=h2(x)} (16)
The online active learning strategy is represented by the policy π= ({vt},{λt}), where {vt}t≥1is the map of the
queried data points, and {λt}t≥1is the sequence of prediction rules. Over the time horizon T, the performance of
the policy πis evaluated using the label complexity and the regret. The label complexity measures the expected
number of labels queried, with respect to the stochastic process induced by π, and it is given by
E[Q(T)] =E""TX
t=11[vt= 1]#
(17)
The regret, on the other hand, represents the expected number of excess classification errors with respect to h∗,
and it is obtained as
E[R(T)] =E
X
t≤T:vt=01[λt̸=yt]−1[h∗(xt)̸=yt]
 (18)
The objective of the algorithm is to minimize the label complexity with a constraint on the regret. At the first
round, the initial version space is the entire hypothesis space H, while the initial region of disagreement is the
whole input space X. Then, at time step t, the learner updates the version space Htusing the Mcollected labels,
and computes a new region of disagreement as
D(Ht) ={x∈ X:∃h1, h2∈ H t, h1(x)̸=h2(x)} (19)
Ifxt∈ D(Ht), then the label of the current data point is queried, otherwise a prediction is produced using
an arbitrary classifier in Ht. At the end of the iteration t, the set ZtofMcollected labeled examples is used
to estimate the empirical error ϵZt(h) of the classifiers in Hand identify the best currently available classifier.
Then, the version space is updated by removing all the suboptimal hypotheses whose empirical error exceeds the
one obtained with h∗
tby a threshold ∆ Zt(h, h∗
t). The threshold regulates the trade-off between reducing label
complexity by narrowing the region of disagreement and increasing the regret by eliminating good classifiers.
The disagreement concept was also used by Desalvo et al (2021), while proposing an approach to online
active learning for binary classification tasks based on surrogate losses. The overall framework is similar to
13the disagreement-based one used by Huang et al (2022), with the main difference being the use of weak-labels
to optimize the sampling strategy. At each time step t, the learner observes the unlabeled data point xtand
either decides to request its label or assigns a pseudo-label byt. Then, the pseudo labels bytand the true labels
ytprocessed so far are used together to obtain an estimate of the empirical risk ϵSt(h), where Stis obtained
by combining the collected labeled examples Ztwith the pseudo-labeled ones bZt. This represents an example of
combining active learning and semi-supervised learning, as highlighted in Section 2.3.
Loy et al (2012) presented a Bayesian framework that leverages the principle of committee consensus to bal-
ance exploration and exploitation in online active learning. The aim of exploration is to discover new, previously
unknown classes, while exploitation focuses on refining the decision boundary for known classes. To address the
issue of unknown classes, the framework uses a Pitman-Yor Processes (PYP) prior model (Pitman and Yor, 1997)
with a Dirichlet process mixture model (DPMM). A DPMM is a non-parametric clustering and classification
model that models the data generating process using a mixture of probability distributions. Each data point is
assigned to a cluster, which is associated with a probability distribution over the classes. The number of clusters
is modeled using a Dirichlet process, which is a distribution over distributions that allows for an infinite number
of clusters but ensures that the number of actual clusters is always finite. At each time step t, the learner samples
two random hypotheses h1andh2from the model. Then, it computes the posterior probability of the current
class ccorresponding to k,p(c=k|xt), for each of the two hypotheses. Finally, hi(xt) = arg max p(c|xt) is
calculated for i= 1,2. The label of the current data point is queried in two cases: first, if h1(xt)̸=h2(xt),
meaning the two hypotheses disagree, and second, if hi(xt) =K+ 1∀i, where Kis the number of currently
known classes, meaning the current data point belongs to a new class.
The DPMM has also been used by Mohamad et al (2020), who proposed a semi-supervised strategy for
performing active learning in online human activity recognition with sensory data. To account for the possibility
of dealing with different sensor network layouts, the authors proposed pre-training a conditional restricted
Boltzmann machine (Taylor and Hinton, 2009; Taylor et al, 2006) and used it to extract generic features from the
sensory input. The instance selection strategy follows a Bayesian approach, in trying to minimize the uncertainty
about the model parameters. To assess the usefulness of labeling the data point xt, they measure the discrepancy
between the model uncertainty computed from the data observed until the time step tand the expected risk
associated with yt. This gives a hint of how the current label would impact the current model uncertainty. A
dynamically adaptive threshold Γ is finally used to the determine whether the current expected risk is greater
than the current risk.
A different kind of committee has been considered by Hao et al (2018a). They proposed a framework for
minimizing the number of queries made by an online learner that is trying to make the best possible forecast,
given the advice received from a pool of experts. To do so, they adapted the exponentially weighted average
forecaster (EWAF) and the greedy forecaster (GF) to the online active learning scenario. A comprehensive
analysis of forecasters to perform prediction with expert advice can be found in the book by Cesa-Bianchi and
Lugosi (2006). In general, at each time step t, the learner or forecaster has access to the predictions for the data
point xtmade by the Nexperts, fi,t(xt) :Rd→[0,1] with i= 1, . . . , N . Based on these predictions, it outputs
its own prediction ptfor the outcome yt. Then, if the label is revealed, the predictions made by the forecaster
and the experts are scored using a nonnegative loss function ℓ. The objective of the learner is to minimize the
cumulative regret over the time horizon T, which can be seen as the difference between its loss and the one
obtained with each expert ias in
Ri,T=TX
t=1(ℓ(pt, yt)−ℓ(fi,t(xt), yt)) =bLT−Li,T (20)
The most simple approach to obtain a prediction ptfrom the learner is to compute a weighted average of the
experts predictions as in
pt=PN
i=1ωi,tfi,t(xt)
PN
i=1ωi,t(21)
where ωi,t≥0 is the weight assigned at time tto the ith expert. With the EWAF, the weight for the ith expert
are obtained using
ωi,t=eηRi,t−1
PN
i=1eηRi,t−1(22)
where ηis a positive decay factor and Ri,t−1is the cumulative loss of expert iobserved until step t. The
exponential decay factor ηdetermines the weight given to the past losses, with more recent losses having a higher
14weight and older losses having a lower weight. Instead, the GF works by minimizing, at each time step, the
largest possible increase of the potential function for all the possible outcomes of yt. The potential function is the
function that assigns a potential value to each expert, which captures the quality of an expert advice based on
its past performance. Hao et al (2018a) extended the EWAF and GF by proposing the active EWAF (AEWAF)
and active GF (AGF). The key idea is that, while the standard EWAF and GF assume the availability of the
true label ytafter each prediction, in the online active learning framework the loss ℓcan only be measured a
limited number of times. To factor this in, a binary variable Zt∈ {0,1}is introduced to decide whether or not
at round tthe label is requested. Consequently, the cumulative loss suffered by the ith expert on the instances
queried by the active forecaster is given by
bLi,T=TX
t=1ℓ(fi,t(xt), yt)·Zt (23)
The sampling strategy is based on the determination of a confidence condition on the difference between the
prediction ptof the fully supervised forecaster and the prediction bptmade by the active forecaster. For the active
forecaster we have that bpt=π[0,1](pt), where ptdepends on the chosen model. The AEWAF is based upon the
observation that if we have
max
1≤i,j≤N|fi,t(xt)−fj,t(xt)| ≤δ (24)
then|pt−bpt| ≤δ, where δis a tolerance threshold. This means that the prediction of the forecaster is close to
the one obtained in the fully supervised setting if the maximum difference of advice between any two experts
is not too large. This assumption might not hold in the presence of noisy or bad experts and, to tackle this
problem, the authors proposed a robust variant of the AEWAF. The AGF uses instead a confidence condition
based on the fact that if
max
1≤i,j≤N|fi,t(xt)−pt| ≤δ (25)
then|pt−bpt| ≤δ. The general scheme for performing online active learning with expert advice is reported in
Algorithm 2.
Algorithm 2 Online active learning with expert advice
Require: a data stream S, a loss function ℓ, a time horizon T, a set of Nexperts, a tolerance threshold δ, a
sampling budget B.
t←1 ▷Timestamp
c←0 ▷Labeling cost
while c≤B,t≤Tdo
Observe an incoming data point xt∈ S
Receive advide by experts {fi,t(xt) :i= 1, . . . , N }
Generate prediction ptfor the label ytand set bpt=π[0,1](pt)
Draw a Bernoulli random variable Ztof parameter Pt=b/(b+|bpt|)
ifEquation 24 or 25 is satisfied then ▷Sampling decision
Discard xt
else
Ask for the true label yt
c←c+ 1 ▷Pay for the label
end if
t←t+ 1
end while
A similar framework, in conjunction with multiple kernel learning (MKL), has been investigated by Chae
and Hong (2021). They propose an active MKL (AMKL) algorithm based on random feature approximation.
In general, online MKL based on random feature approximation is a method for online learning and prediction
that combines multiple kernel functions to improve the performance of a learning algorithm (Jin et al, 2010;
Hoi et al, 2013). In MKL, multiple kernel functions are used to capture different aspects of the data, and the
optimal combination of kernels is learned from the data. The online version of MKL based on random feature
approximation is designed to handle data that arrives sequentially, and the learning algorithm is updated after
15each new data point. In kernel-based learning, the target function f(x) is assumed to belong to a reproducing
Hilbert kernel space (RKHS). In the proposed AMKL the learner uses an ensemble of Nkernel functions. At
each time step t, two main steps are implemented. First, each kernel function ˆfi,t(xt),with i= 1, . . . , n , is
optimized independently of the other kernel functions. This is referred to as local step. Then, in the global step,
the learner seeks the best function approximation bft(xt) by combining the Nkernel functions as in
bft(xt) =NX
bvi,tˆfi,t(xt) (26)
wherebvi,trefers to the weight for the ith kernel function at round t. Similarly to the case with expert advice,
the weights are determined by minimizing the regret over the time horizon T, which is defined as the difference
between the loss of the learner and the one obtained with the best kernel function f∗
i,t. To do so, the weights are
computed based on the past losses ℓas
bωi,t= exp
−ηgX
τ∈At−1ℓ
ˆfi,τ(xτ), yτ
 (27)
where ηg>0 is a tunable parameter and At−1is an index of time stamps tindicating the instances for which
has label has been requested, thus permitting to measure the loss. Then, the weights bvi,tare obtained from bωi,t
as follows
bvi,t=bωi,tPN
i=1bωi,t(28)
Finally, the instance selection criterion is based on a confidence condition, denoted by with δ > 0, on the
similarity of the learned kernel function, which is a similar to the condition used by Hao et al (2018a) in the
formulation of the AEWAF
max
1≤j≤NNX
i=1bvi,tℓ
bfi,t(xt),bfj,t(xt)
≤δ (29)
3.2 Drifting data stream classification approaches
Active learning strategies belonging to this category aim to tackle online classification tasks in time-varying data
streams affected by distribution shifts. We can classify distribution shifts into three main categories, depending
on whether they concern the feature space xor the output dimension y. A shift that only affects the input
distribution p(x), and not the conditional distribution p(y|x), is referred to as covariate shift (Zhou et al, 2021;
Wu et al, 2021; Li et al, 2021) or virtual drift (Baier et al, 2021). In these circumstances, for two different time
steps, tiandti+∆, we have that pti(x)̸=pti+∆(x) and pti(y|x) =pti+∆(y|x), meaning that the underlying
model is not being altered by phenomena like class swaps or coefficient changes. Conversely, in the presence of
a real concept drift (Baier et al, 2021; Su´ arez-Cetrulo et al, 2023), the conditional distribution changes, and
we have pti(y|x)̸=pti+∆(y|x). In this scenario, the predictive performance of the fitted model dramatically
deteriorates, and a model update or replacement becomes necessary. An example of this kind of distribution
shift can be identified in the changes of the consumer behaviors over time, or following a major event as the
COVID-19 pandemic (Zwanka and Buff, 2021). However, it should be noted that virtual drifts and real concept
drifts often occur together (Tsymbal et al, 2008), leading to a situation where we have both pti(x)̸=pti+∆(x)
andpti(y|x)̸=pti+∆(y|x) (Lu et al, 2018). Lastly, we can incur in a label distribution shift (Wu et al, 2021)
when the shift only affects p(y), leading to pti(y)̸=pti+∆(y). This situation can be observed in many real-world
scenarios where the target distribution changes over time. A typical example is the prediction of diseases like
influenza, whose distribution can dramatically change depending on the season, or in the presence of sudden
outbreaks.
Another key characteristic of distribution shifts is represented by the change rate, namely how fast the new
concept or distribution is introduced into the data stream. To this extent, we can identify four kinds of drifts
(Lu et al, 2018; Lima et al, 2022), which are illustrated in Figure 7. A sudden or abrupt drift is a drift that
can be immediately detected from two consecutive time steps, tiandti+1. It refers to a sudden and clearly
identifiable change in the data distribution. An example of this would be a sudden change in the weather, which
would affect the behavior of customers at a retail store. The change is noticeable, and the model needs to be
updated immediately. A gradual drift exhibits a transition phase, where a mixture or overlap between the two
distributions ptiandpti+∆exists. In this case, the change is slower and more difficult to detect, making it
16challenging to update the model. An example would be a change in consumer behavior over time, which is hard
to detect but can have a significant impact on a business. Another type of drift is the incremental drift, which
has an extremely low transition rate, which makes it very difficult to detect changes between the data points
observed in the transition period. This type of drift is often caused by changes in the data generating process
that happen gradually over time, in small steps rather than all at once. An example would be changes in the
types of products that are popular among customers, which happen gradually and are hard to detect. Finally,
a data stream can also be affected by recurring concepts, which sequentially alternate over time. An example
would be a retail store where the same types of products are popular at different times of the year, such as
winter coats and summer dresses. The model needs to be able to detect and adapt to these recurring concepts
in order to maintain good performance.
(a)(b)(c)(d)𝑡𝑡𝑡𝑡C1  C2  C1  C1  C1  C2  C2  C2  
Fig. 7 Different types of drifts that can affect the data stream: abrupt drift (a), gradual drift (b), incremental drift (c), recurring
concepts (d). C1andC2indicate the two concepts that might characterize the data distribution.
In online active learning for drifting data streams, some approaches address the presence of concept drifts
by combining active learning strategies with drift detectors (Zhang et al, 2020a; Krawczyk et al, 2018). Drift
detectors are algorithms that try to detect distribution shifts and identify when the context is changing. They
can be divided into three macro-categories (Lu et al, 2018). The first group of methods is represented by the
error-based drift detectors, which try to detect online changes in the error rate of a base classifier. Among these,
one of the most commonly employed strategies is the drift detection method (DDM) proposed by Gama et al
(2004). Another popular approach is the adaptive window (ADWIN) strategy proposed by Bifet and Gavald` a
(2007). The second class of drift detectors is called data distribution-based drift detection, and the third class is
represented by multiple hypothesis testing strategies. While the first class contains the majority of the proposed
approaches, it assumes that we are able to observe the labels of all the incoming data points to assess the error
rate. Instead, the last two classes could be implemented even in an unsupervised manner. An exhaustive overview
on unsupervised drift detection methods has been proposed by Gemaque et al (2020). While the unsupervised
nature of the data distribution-based and multiple hypothesis testing strategies make them ideal for the active
learning scenario, it should be noted that real concept drifts can hardly be detected in a completely unsupervised
fashion. Indeed, in a circumstance when the input distribution p(x) remains unaltered while the underlying model
relating the input variables xto the label ychanges, it would not be possible to detect the change of concept
without collecting labels. This is why Krawczyk et al (2018) propose to apply an error-based drift detector to
the few labels collected during the online active learning routine. To this extent, they use the ADWIN (Bifet
and Gavald` a, 2007) method to detect drifts and decide when the current model needs to be updated or replaced.
The proposed general framework for dealing with online active learning with drifting data streams is reported
in Algorithm 3.
Moreover, the authors proposed the use of a time-variable threshold to balance the budget use over time.
Their approach is based on the intuition that, when a new concept is introduced, more labeling effort will be
required to quickly collect representative observations belonging to the new concept and replace the outdated
model. This is obtained by adjusting a time-variable threshold to balance the budget use over time. Given a
threshold Γ on the uncertainty of the classifier and a labeling rate adjustment r∈[0,1], the threshold is reduced
to Γ−rwhen ADWIN raises a warning and to Γ −2rwhen a real drift is detected. Thus, when allocating the
labeling budget, the key requirement is that the labeling rate employed when a drift is detected should be strictly
larger than the one used in static conditions. A similar thresholding idea has also been used by Castellani et al
(2022), who proposed an active learning strategy for non-stationary data streams in the presence of verification
latency. They used a piece-wise constant budget function, where the labeling rate αis increased to αhighwhen
17Algorithm 3 Online active learning with drifting data streams
Require: a data stream S, a classifier Θ, a drift detector Θ, a sampling strategy Υ, a labeling rate α, a sampling
budget B.
t←1 ▷Timestamp
c←0 ▷Labeling cost
while c≤Bandt≤ |S|do
Observe incoming data point xt∈S
ifΥ(xt) =Truethen ▷Sampling decision
Ask for the true label yt
c←c+ 1 ▷Pay for the label
Update classifier Ψ with the labeled example ( xt, yt)
Update drift detector Θ with the labeled example ( xt, yt)
ifdrift warning =Truethen
Start to train a new classifier Ψ new
Increase labeling rate α
else
ifdrift detected =Truethen ▷A detection is always preceded by a warning
Replace Cwith Cnew
Further increase α
else
Return to initial labeling rate α
end if
end if
ifCnewexists then ▷Keeps being updated in the background until replacement
Update classifier Cnewwith the labeled example ( xt, yt)
end if
end if
t←t+ 1
end while
a drift is detected and, after a while, reduced to αlow. Finally, the labeling rate is restored to its nominal value
α. A visual representation of the labeling approach is shown in Figure 8. The length of the time segments where
the labeling rate is altered depends on the desired values for αhighandαlow, constraining the overall labeling
rate to be equal to α.
𝑡𝛼𝑡!""#$%𝑡""!𝑡""""𝛼&'(𝛼)#*)
Fig. 8 Piece-wise constant budget function introduced by Castellani et al (2022). The sampling rate αis increased to αhigh when
a drift is detected ( tdrift ), then reduced to αlowbetween tr1andtr2, before being restored to its nominal value.
The authors also tackled the verification latency issue by considering the spatial information of a queried
point for which the label has not been made available yet by the oracle. In this way, it is possible to avoid
oversampling from regions where many close points have a high utility, namely a low classification confidence.
While assessing the utility of the incoming data points the authors use real and pseudo-labels by propagating
the information contained in the already labeled observations, as suggested by Pham et al (2022). The idea is to
18use the spatial information of the queried labels by estimating the still missing labels with a weighted majority
vote of the label of its k-nearest neighbors labels, where the weight for each nearest neighbor depends on the
arrival time of the labels. The verification latency issue in online active learning with drifting data streams was
also extensively analyzed by Pham et al (2022). Consider the general case where at time tx
iwe draw an instance
xi, and find it interesting enough to send it to the oracle, which will send back the label yionly at time ty
i,
where ty
i> tx
i. Before the requested label arrives, we might encounter another instance similar to xiand ask
again for its label, since the learner could not update its utility function or threshold. Similarly, we might use
outdated information when updating the policy in a future window. To tackle these issues, the authors propose
a forgetting and simulating strategy to avoid using soon-to-be outdated observations and prevent redundant
labeling. The instance selection is based upon the variable uncertainty strategy proposed by Zliobaite et al (2014)
and the balanced incremental quantile filter by Kottke et al (2015). If we denote the current sliding window at
time tx
nasWn= [tx
n−∆, tx
n) and use windows of fixed size ∆, we know that the sliding window that would be
used for training when the label ynrelated to xnarrives will be given by Dn= [ty
n−∆, ty
n). The forgetting step
is then implemented by discarding outdated labeled examples that are included in Wnbut will not be included
inDn. Ifaiis a Boolean variable indicating whether the ith observation has been labeled, the set of instances
selected to be forgotten is given by
On= [(xi, yi)∀i < n :ai= 1∧tx
i, ty
i∈ W n\Dn]. (30)
Similarly, there is a second set of observations, with time stamps D+
n=Dn\Wn= [tx
n, ty
n), where there might
be instances that have been queried but whose label is not currently available. To avoid losing such information
and redundantly asking for the label of similar instances, the algorithm simulates incoming labels with a bagging
approach by averaging across multiple utility estimations. They also consider an alternative simulation approach
based on fuzzy labeling.
Similarly to Krawczyk et al (2018), the ADWIN drift detector has also been used by Zhang et al (2020a)
while proposing a method for dealing with online active learning in environments characterized by concept drifts
and class imbalance. The instance selection criterion is based on the predictive uncertainty, which they estimate
using the best-versus-second-best margin value (Equation 12), as they tackle a multi-class classification problem.
An initial pool of nobservations is passively collected from the stream to initialize the active learning strategy.
Then, a threshold Γ iis estimated for each class as in
Γi=(
nm
niLn
niL≥1
mn
niL<1(31)
where i= 1, . . . , L is the number of classes and mis a pre-defined constant used to control the size of the
threshold. The model is represented by an ensemble of N classifiers and, when ADWIN detects a concept drift,
the classifier with the higher error is replaced with a newly trained one. Finally, the class imbalance issue is also
taken into account in two ways, during the training of the ensemble with the use of class-specific weights, and
during the active learning routine, by dynamically adjusting the threshold to select more observations belonging
to the minority class.
Recently, Cheng et al (2023) presented another approach to combine online active learning with drift detec-
tion. Their method involves segmenting the data stream Sinto fixed-length chunks and then detecting drifts by
comparing the distributions of adjacent chunks. After a drift is detected, a multi-objective optimization problem
is formulated in order to identify the most relevant and diverse data points within the current batch. For a data
point xt, relevance is defined as its contribution to the new concept, and diversity as the Pearson correlation
coefficient with other instances in the same region. Instead, Martins et al (2023) proposed to sample the most
uncertain data points from each chunk, using a meta-learning framework to fine-tune the threshold used for each
window. This allows to reduce the need for labels while maintaining a steady adaptation to the new concepts.
Another window-based approach to perform active learning from data streams has been proposed by Zhu et al
(2007). The authors developed an ensemble Eby partitioning the data stream Sinto chunks and then training
each of the kmodels composing the ensemble Eon a different chunk of data. In this way, even if the previous
observations become unavailable, the models can be used when taking the sampling decision in order to take
into account a global uncertainty measure, which is a more robust approach than treating each chunk as a static
dataset. At time step t, the learner receives a data chunk St, which is used to build the current classifier Ct. At this
point, the ensemble is composed by Ct, together with the most recent k−1 classifiers, Ct−k+1, . . . , C t−1, trained
on the labeled examples sampled from the previously observed data chunks, Lt−k+1, . . . , L t−1. At each iteration,
the objective is to predict the remaining unlabeled data points from the current chunk, Ut. The ensemble-based
active learning framework is depicted in Figure 9. The instances selected to be queried are the ones with the
19largest ensemble variance, and the predictions are obtained by combining the predictions of the single classifiers
using the weights ωt−k+1, . . . , ω t−1. Finally, a weight updating rule is used to adapt to dynamic data streams.
Ensemble 𝐸
Classifier 𝐶!""#""$ …
𝐿!""#""$ 
𝑈!""#""$ 
Classifier 𝐶!""# 
𝐿!""# 
𝑈!""# 
Classifier 𝐶! 
𝐿! 
𝑈! Predict
…𝜔!""#%$𝜔!""#𝜔!
Fig. 9 Ensemble-based active learning framework for data streams proposed by Zhu et al (2007).
Shan et al (2019) and Zhang et al (2018) developed online active learning strategies by building upon the
pairwise classifiers strategy introduced by Xu et al (2016). The pairwise strategy makes use of two models, a
stable classifier Csand a dynamic classifier Cd, and divides the data stream into batches as in (Zhu et al, 2007).
The prediction for an incoming data point xtis obtained with a weighted average of the predictions obtained
from the two classifiers as in
fE(xt) =ωsfCs(xt) +ωdfCd(xt) (32)
where ωsandωdare the weights associated with the stable and the dynamic classifier, respectively. At time
t, the stable classifier Csis trained on the labeled portions of all the batches processed so far, L1, . . . , L t−1.
Conversely, Cdis trained exclusively on Lt−1. The key idea is that whenever the reactive classifier starts to
outperform the stable classifier, the stable classifier is replaced by the reactive one, which is eventually reset.
This replacement allows the learner to adapt to the drift and focus on the most recent instances, forgetting the
seemingly obsolete data points. The main drawback of this approach is that it cannot effectively address gradual
drifts as the replacement with the classifier trained on the most recent observations makes the learner forget
about observations away from the current window. Hence, similarly to the approach of Zhu et al (2007), Shan et al
(2019) proposed an extension of this approach, based on an ensemble of classifiers in trying to contemporarily
address gradual drifts and abrupt drifts. In their strategy, the stable classifier learns from all the labeled instances
and the reactive classifier is replaced by an ensemble of dynamic classifiers, trained on multilevel sliding windows
to capture changes in the data stream at different time intervals. The instance selection approach combines
random sampling and uncertainty sampling, where the latter is based on the margin value of the predictions
obtained by the ensemble. It should be noted that the prediction fEfor the data point xtis obtained as a
weighted combination of the predictions obtained with the stable and dynamic classifiers as in
fE(xt) =ωsfCs(xt) +DX
d=1ωdfCd(xt) (33)
The stable classifier has a constant weight ωs= 0.5 and plays a crucial role in trying to learn the overall trend
and direction of concept drift. Conversely, the dynamic classifiers have gradually decaying weights, according
to a damped sliding winding approach where each weight is initialized at1
Dand then reduced according to its
creation time
ωd=
ωd 
1−1
D
d= 1, . . . , D −1
1
Dd=D(34)
The most recent classifiers are useful in detecting sudden concept drifts and have highest weights while the
old dynamic classifiers have lower weights and can help to identify gradual drifts. The same pairwise strategy
based on an ensemble composed by a stable classifier and D dynamic classifiers was used by Zhang et al (2022).
They modified the original strategy by introducing a reinforcement mechanism to adjust the weights ωdaccording
to the prediction performance and the class imbalance issue. The weights adjustment strategy is described by
20Algorithm 4. It should be noted that this procedure is only implemented after the true label ythas been revealed
by the oracle. The damped class imbalance ratio (DCIR) value is obtained by taking into account the number of
observations for each class collected so far. This is expected to be useful when dealing with imbalanced classes.
With regards to the instance selection criterion, the authors consider a hybrid strategy combining uncertainty
sampling and random sampling, since approaches solely based on uncertainty could ignore a concept change that
is not close to the boundary. Wo´ zniak et al (2023) recently proposed another ensemble-based active learning
strategy where the data points to be labeled are selected from the current chunk using the budget labeling
active learning strategy introduced by Zyblewski et al (2020). According to this approach, the learner selects
both random and informative data points, where the informativeness is determined using the support function
threshold, which in the case of binary classification problems can be interpreted as a distance from the decision
boundary.
Algorithm 4 Weight adjustment for dynamic classifiers
Require: a labeled observation ( xt, yt), number of classes K, number of dynamic classifiers D, current weights
ωdwith d= 1, . . . , D , DCIR for each class DCIR κforκ∈K.
ifDCIR [ yt]<1
Kthen ▷Check if it belongs to the minority class
fordin (1, D)do
ifCd(xt) =ytthen ▷Check if the prediction made by Cdis correct
ωd←ωd 
1 +1
D
▷Increase weight of classifier Cd
else
ωd←ωd 
1−1
D
▷Decrease weight of classifier Cd
end if
end for
end if
Another way to perform online active learning in time-varying data streams is to use clustering-based
approaches. Halder et al (2023) extended the framework based on stable and dynamic classifiers by introduc-
ing a clustering step that aims to train the new stable classifier Cson the most informative and representative
instances from each data block. Similarly, Ienco et al (2013) investigated a clustering-based approach in a batch-
based scenario, where only a fraction of the incoming block of observations can be labeled. They extend the
pre-clustering approach (Nguyen and Smeulders, 2004), which had been previously studied in the pool-based
scenario, to the stream-based case. The sampling strategy takes into account an extra-cluster metric, to sort
the clusters, and an intra-cluster one, to sort the observations within each cluster. When a new batch arrives,
observations are clustered, and clusters are sorted based on the homogeneity of the clusters, which is measured
taking into account the number of (predicted) classes within each cluster. If a cluster is balanced in the number
of expected classes, it is regarded to as an uncertain cluster that covers a more difficult area of the input space.
Within each cluster, the certainty of an observations is determined by its representativeness, namely the distance
from the centroid, and the uncertainty, meant as the maximum a posterior probability among all the predicted
classes for xt. When the clusters and observations are ranked, the learner starts to iteratively ask the observa-
tions label in an alternate fashion. To sample the most representative data points from each batch, Zhang et al
(2023) suggested the use of density-peak clustering and recognize the incomplete clusters in the dynamic feature
space through the altitude of these data points. This allows to query the observations belonging to those regions
in the following iterations.
Recently, Yin et al (2023) proposed an adaptive data stream classification method based on microclustering.
After initializing micro-clusters from the initial training data, they collected new labels using a mixed strategy
that combines random sampling with a class-weighted margin score. Then, the micro-cluster learning model is
dynamically updated to adapt to the presence of concept drifts.
Another approach that tries to exploit the clustering nature of the incoming observations has been proposed
by Mohamad et al (2018), with the use of bi-criteria active learning algorithm that considers both density in the
input space and label uncertainty. The density-based criterion makes use of the growing Gaussian mixture model
proposed (GGMM) by Bouchachia and Vanaret (2014), which is used to find clusters in the data and estimate
its density. This model creates a new cluster when a new data point xthas a Mahalanobis distance greater than
a given closeness threshold from the nearest cluster, among the currently available ones. A flowchart describing
the main steps of the GGMM is depicted in Figure 10.
A Bayesian logistic regression model is used for addressing the label uncertainty criterion and the concept
drift. As the classifier parameters wtare assumed to evolve over time, the model is incrementally updated using
21Observe an unlabeled data point
Gaussian matches?YesNo
Update parameter of the Gaussian
Compute the probability of match with each Gaussian
Decay the weight of all Gaussians
Remove less contributing Gaussian
Initialize new Gaussian with the current data pointFig. 10 Main steps of the growing Gaussian mixture model used by Mohamad et al (2018).
a discrepancy measure, which is computed as the difference between the uncertainty of the model in xtbefore
and after the true label ytis added to the training set. The query strategy follows the b-sampling approach,
in trying to sample, with high probability, the observations that contribute the most to the current error. The
combination of density and uncertainty is also employed by Liu et al (2021), who proposed a cognitive dual query
strategy for online active learning in the presence of concept drifts and noise. The local density measure is used
to obtain representative instances and the uncertainty criterion aim to select data points where the classifier is
less confident. The cognitive aspect takes into account Ebbinghaus’s law of human memory (Ebbinghaus, 2013)
to determine an optimal replacement policy. The proposed strategy tries to tackle both gradual and abrupt
drifts. The drift is generally considered as a change in the underlying joint probability distribution from one
time step tto another, namely pt(x, y)̸=pt+1(x, y). The local density of an observation xtis defined by the
number of times that xtis the nearest neighbor of other instances (Ienco et al, 2014). Since we are in an online
framework, the authors proposed to measure the local density using a sliding window model, referred to as a
cognition window. Based on the concept of memory strength, the model determines when the current window
is full and needs to be updated. Finally, the labeling decision is taken by using two thresholds, one for the local
density and one for the classifier uncertainty.
A different sliding window-based online active learning strategy is the one proposed by Kurlej and Wo´ zniak
(2011). The authors proposed a sliding window approach based on a nearest neighbors classifier. The reference
set for the k-nearest neighbors model is a window, and it is updated in two ways: in a first-in-first-out manner
or using the examples selected by the active learning strategy. Since the reference set is updated over time, this
method can effectively deal with concept drift and time-varying data streams. The sampling strategy is also
based on two criteria. The first one is similar to the margin-based approaches, an instance is queried if it has
a low distance from two observations belonging to different classes. The second criterion, similar to the greedy
sampling strategy, seeks observations that have a large minimum distance from the observations in the current
reference set. Both criteria are implemented by setting a threshold on the distances.
A simpler approach for taking into account the time-varying aspect of evolving data stream is to force
the model to focus on the most recent observations. Along these lines, Chu et al (2011) propose a framework
based on a Bayesian probit model and a time-decay variant. Online Bayesian learning is used to maintain a
posterior distribution of the weight vector of a linear classifier over time wt, and the time-decay strategies are
employed to tackle the concept drift and give more importance to recent observations. They also propose an
online approximation technique that can handle weighted examples, which is based upon Minka (2001). They
tested different sampling strategies, built upon an online probit classifier. The instance selection criteria are
based on entropy, function-value, and random sampling.
3.3 Evolving fuzzy systems approaches
An alternative way to take into account the time-varying nature of evolving data streams is the use of evolving
fuzzy systems (EFS) (Lughofer, 2011), which are soft computing techniques that can efficiently deal with novelty
and knowledge expansion. EFS are self-developing, self-learning fuzzy rule-based or neuro-fuzzy systems that
self-adapt both their parameters and their structure on-the-fly. They try to mimic human-like reasoning by
modeling it with a dynamically developing fuzzy rule-based structure and implementing it utilizing data streams
using a formal learning process. The basic rule structure of a fuzzy model is given by
22Rule i:if(x1isXi1)and . . .and (xnisXin)
then (yi=ai0+ai1x1+···+ainxn)(35)
where Rule iwith i= 1,2, . . . , R is one of several fuzzy rules in the current rule base; xj(j= 1,2, . . . , n ) are
input variables; yidenotes the output of the ith fuzzy rule; Xijdenotes the jth prototype (focal point) of the
ith fuzzy rule; aijdenotes the jth parameter of the ith fuzzy rule. For a more thorough discussion on EFS and
their use in online learning, please see (Lughofer, 2017, 2011; Ge and Zeng, 2020; Gu et al, 2022). The main
components of an EFS are shown in Figure 11. The two key components of an EFS are the structure evolving
scheme, which contains the rule generation and simplification modules, and the parameters updating scheme. The
rule generation module defines when a new rule needs to be added to the current model. The rule merging and
pruning steps simplify the models by removing redundant rules and combining two rules when their similarity is
larger than a given threshold. The parameter updating modules are used to keep track of the model evolution.
These learning modules are used to update the EFS every time a new labeled example ( xt, yt) is made available.
Structure evolving
Rule generation
Rule merging
Rule pruning
Parameters updating
Antecedent
Consequent
Fig. 11 Learning modules of an EFS (Ge and Zeng, 2020).
The first single-pass active learning approach based on the use of evolving classification models has been
proposed by Lughofer (2012). The proposed algorithm is based on two key concepts, conflict and ignorance.
The former is related to an incoming data point lying close to the boundary between any two classes; the latter
considers the distance of the incoming observation from the currently labeled training set, in the feature space.
This suggests that the data point falls within a region that has not been thoroughly explored by the learner.
Later on, Lughofer and Pratama (2018) also proposed the first online active learning approach for evolving
regression models. Similarly to their previous work (Lughofer, 2012), the authors consider the ignorance about
the input space in the instance selection criterion. Moreover, they also consider the uncertainty in the model
outputs and in the model parameters. The predictive uncertainty is assessed in terms of confidence intervals
using locally adaptive error bars. The error bars are inspired by ( ˇSkrjanc, 2009) and the authors propose a new
merging approach for dealing with the case of overlapping fuzzy rules. The uncertainty in the model parameters
is instead evaluated using the A-optimality criterion, which will be discussed in Section 3.4 together with other
alphabetic optimality criteria. Instead of leveraging the uncertainty about the output, Pratama et al (2015) set
a dynamic threshold based on the variable uncertainty strategy introduced by Zliobaite et al (2014) while trying
to address the what-to-learn question in the training of a recurrent fuzzy classifier. The key idea is that the
model is iteratively retrained using data points that fall within rules with low support, which were formed using
the smallest amount of observations. Recently, Lughofer and ˇSkrjanc (2023) proposed an online active learning
strategy for fuzzy models based on three criteria.
•D-optimality in the consequent space to reduce parameter uncertainty, as in Cacciarelli et al (2022b).
•Overlap degree in the antecedent space to reduce the number of data points lying in the overlap regions of
two different rules.
•Novelty content in the antecedent space, indicating the required knowledge expansion through rule evolution.
A different kind of threshold, based on the spherical potential theory, has been suggested by Subramanian
et al (2014), with the proposal of a meta-cognitive component that evaluates the novelty content of incoming
data points. This is done using a knowledge measure represented by the spherical potential, which has been
thoroughly investigated in kernel-based approaches (Hoffmann, 2007). The spherical potential is used to set a
threshold and decide whether to add a new rule to capture the knowledge in the current sample. It should be
23noted that the authors also used a threshold based on the prediction error, which could not be used with scarcity
of labels. The prediction error is assessed using the hinge loss error function (Suresh et al, 2008; Zhang, 2004).
Fuzzy models have also been used to solve computer vision tasks. Weigl et al (2016) analyze the visual
inspection quality control case, which is also considered by Roˇ zanec et al (2022). They assess the usefulness of
the images in a single-pass manner, but the instances that are selected to be queried are accumulated in a buffer,
which is later on assigned to an oracle for labeling. Choosing the size of the buffer represents a trade-off problem
between timely updating the classifier and requiring continuous interventions from a human annotator. The
active learning strategy works by setting a threshold on the certainty of the model with regards to the incoming
data points. The authors take into account two model classes, a random forest classifier and an evolving fuzzy
classifier. When using random forest, certainty is computed using the best-versus-second-best margin score.
Instead, when using evolving fuzzy classifiers, the sample selection criterion takes into account the conflict and
ignorance concepts as in Lughofer (2012).
Finally, Cernuda et al (2014) combine the use of fuzzy models with a sampling approach inspired by the
multivariate statistical process control literature. Indeed, using a latent structure model, they propose a query
strategy based on the Hotelling T2and the squared prediction error (SPE) statistics, which have been extensively
used in anomaly detection problems (Cacciarelli and Kulahci, 2022; Gajjar et al, 2018; Vanhatalo and Kulahci,
2016; Vanhatalo et al, 2017). Ge (2014) used these statistics for pool-based active learning in conjunction with a
principal component regression model. The key idea is to use the Hotelling T2and the SPE statistics to measure
the distance between the currently labeled training set and a new unlabeled data point. A high value in one of
the two statistics would most likely suggest that the new observation is violating the current model, and thus
its inclusion in the training set could bring some valuable information. Similarly, Cernuda et al (2014) use the
Hotelling T2and the SPE statistics with a partial least squares model. Then, when a new observation is added
to the training set, they retrain a TS fuzzy model using a sliding window approach.
3.4 Experimental design and bandit approaches
Optimal experimental design (Karlin and Studden, 1966) is a research field that is closely related to active
learning. It deals with the design of experiments that allow for efficient estimation of model parameters or
improved prediction performance while minimizing the number of required labeled examples, also referred to as
the number of runs N. Many optimality criteria have been developed in thriving to strike a balance between
efficient use of resources and ensuring good performance of the model. The traditional framework of optimal
experimental designs focuses on linear regression models of the form
y=Xβ+ε (36)
where, given dinput variables, yis aN×1 vector of response variables, Xis aN×dmodel matrix, βis ad×1
vector of regression coefficients, and εis aN×1 vector representing the noise, with covariance matrix σ2I. If
the matrix X⊤Xis of full rank, an ordinary least square (OLS) estimator for βcan be obtained using
bβ= 
X⊤X−1X⊤y (37)
In general, design optimality criteria leverage the information contained in the moment matrix, which is defined
asM=X⊤X/N. The matrix X⊤Xplays a crucial role in the estimation of the model coefficients β, and it
is important to perceive information about the design geometry. Indeed, with Gaussian noise characterized by
ε∼ N 
0, σ2I
, we know that
bβ|X∼ N
β, 
X⊤X−1σ2
(38)
and we can define a 100(1 −α)% confidence ellipsoid related to the solutions of βusing
(b−bβ)⊤ 
X⊤X
(b−bβ)
ds2≤Fα,d,N−d (39)
where s2represents the residual mean square, Fα,d,N−dis the 100(1 −α) percentile derived from the Fisher
distribution, and bindicates all the possible vectors that could be the true model parameter β. The ellipsoid
can also be expressed as ( b−bβ)⊤ 
X⊤X
(b−bβ)≤C, where C=ds2Fα,d,N−d. The volume of this ellipsoid is
inversely proportional to the square root of the determinant of X⊤X, and the length of its axes is proportional
to 1/λi, where λirepresents the ith eigenvalue of X⊤X, with i= 1, . . . , d . The so-called alphabetic optimality
criteria pursuit efficient designs by exploiting these properties (Kiefer, 1959). The most commonly employed
optimality criteria for good parameter estimation are A-, D- and E-optimality:
24•A-optimality. This criterion pursues good model parameter estimation by minimizing the sum of the variances
of the regression coefficients. Knowing that the coefficients variances appear on the diagonal of the matrix 
X⊤X−1, it can be shown that an A-optimal design is given by a design D∗that satisfies min Dtr[M(D)]−1=
tr [M(D∗)]−1.
•D-optimality. This criterion takes into account both the variance and covariance of the regression coefficients,
directly minimizing the total volume of the confidence ellipsoid (Myers et al, 2016). A D-optimal design is
given by a design D∗that satisfies max D|M(D)|=|M(D∗)|(John and Draper, 1975).
•E-optimality. This strategy tries to shrink the ellipsoid by minimizing the maximum eigenvalue of the
covariance matrix.
The geometrical intuition behind these criteria is illustrated, in the two-dimensional case, in Figure 12.
(a)𝑏!𝑏""""𝛃(b)𝑏!𝑏""""𝛃(c)𝑏!𝑏""""𝛃
Fig. 12 Confidence ellipsoid around the model parameters and optimality criteria: A-optimality (a) shrinks the hyperrectangular
enclosing the confidence ellipsoid (Asprey and Macchietto, 2002; Galvanin, 2010), D-optimality (b) aim to shrink the total volume
of the ellipsoid, and E-optimality (c) tries to reduce the length of the longest axis (Jamieson, 2018).
Finally, there are also optimality criteria that focus on developing models with good predictive properties.
Within this class, G-optimality represents a criterion that is used to seek protection against the worst-case
prediction variance in a region of interest R. This is achieved by solving
min
D
max
x∈Rv(x)
(40)
where v(x) represents the scaled prediction variance of the current model in the data point x, which can be
computed as
v(x) =Nx(m)T 
X⊤X−1x(m)(41)
where x(m)represents the data point where the variance is being estimated, expanded to the model form. It
should be noted that G-optimality can be highly influenced by anomalous observations, as it protects against
the highest possible variance over all the region R. This issue can be tackled by using I-orV-optimality , which
estimate the overall prediction variance over Rby integrating or averaging, respectively. For a more extensive
discussion on optimal designs, please see Montgomery (2012) or Myers et al (2016).
The use of optimality criteria has proven to be highly beneficial in offline experimental design, allowing
practitioners to pre-determine the location of each design point with ease. However, these methods require
modification to be applied in a stream-based scenario where data points arrive sequentially. A common approach
for obtaining a near-optimal design with streaming observational data is represented by thresholding. Riquelme
(2017) proposed a thresholding algorithm for online active linear regression, which is related to the A-optimality
criterion. Their approach uses a norm-thresholding algorithm, where only observations with large, scaled norms
are selected. The design is augmented with the observations xwhose norm exceeds a threshold Γ given by
P(∥x∥ ≥Γ) = α (42)
where αis the ratio of observations we are willing to label out of the incoming data stream. Another approach
related to the A-optimality criterion was proposed by Fontaine et al (2021), who studied online optimal design
under heteroskedasticity assumptions, with the objective of optimally allocating the total labeling budget between
25covariates in order to balance the variance of each estimated coefficient. Cacciarelli et al (2022b) further extended
the thresholding approach introduced by Riquelme (2017) by proposing a conditional D-optimality (CDO) algo-
rithm. The terms conditional refers to the fact the design is marginally optimal, given an initial set of labeled
observations to be augmented. The main steps of the CDO approach are reported in Algorithm 5. The authors
exploited the connection between D-optimality and prediction variance previously highlighted by Myers et al
(2016). The sampling strategy selects observations by setting a threshold Γ given by
P
x⊤
t 
X⊤X−1xt≥Γ
=α (43)
where Xis the current set of labeled observations and xtis the data point that is currently under evaluation.
The threshold is estimated using kernel density estimation (KDE) on a set of junlabeled observations, which are
taken passively from the data stream without querying any label. This provides an initial set of data, referred
to as warm-up set, that can be used to estimate the covariance matrix and the threshold.
Algorithm 5 Online active learning using CDO
Require: an initial random design X, a data stream S, a warm-up length j, a sampling rate α, a budget B
t←1 ▷Timestamp
c←0 ▷Labeling cost
SetW=∅ ▷Warm-up set to estimate Σand Γ
while t≤jdo
Observe incoming data point xt∈S
Select xt:W=W∪xt
t←t+ 1
end while
Estimate the covariance matrix ΣofWand perform eigendecomposition Σ=UΛU⊤
Whiten the initial design by computing Z= Λ−1/2U⊤X
Whiten the warm-up observations by computing V=Λ−1/2U⊤W
Estimate Γ using KDE on Vwith the desired sampling rate αusing Equation 43 with ZandV
while c≤Bandt≤ |S|do
Observe incoming data point xt∈S
Whiten xtby computing zt=Λ−1/2U⊤xt
if z⊤
t(Z⊤Z)−1zt≥Γthen
Ask for the label yiand augment the labeled dataset: Z←Z∪zt
c←c+ 1 ▷Pay for the label
Update threshold Γ to measure the prediction variance of the enlarged design
else
Discard xt
end if
t←t+ 1
end while
Cacciarelli et al (2023) also investigated how the presence of outliers affect the performance of online active linear
regression strategies. They showed how the design optimality-based sampling strategies might be attracted to
outliers, whose inclusion in the design eventually degrades the predictive performance of the model. This issue
can be tackled by bounding the search area of the learner with two thresholds, as in
P
Γ1≤x⊤
t 
X⊤X−1xt≤Γ2
=α (44)
where the choice of Γ 2represents a trade-off between seeking protection against outliers and exploring uncertain
regions of the input space.
The norm-thresholding approach was also extended by Riquelme et al (2017a) to the case where the learner
tries to estimate uniformly well a set of models, given a shared budget. This scenario is similar to a multi-armed
bandit (MAB) problem where the learner wants to estimate the mean of a finite set of arms by setting a budget
on the number of allowed pulls (Ruan et al, 2020; Audibert and Munos, 2010; Jamieson and Nowak, 2014; Soare
et al, 2013). The authors propose a trace upper confidence bound (UCB) algorithm to simultaneously estimate
the difficulty of each model and allocate the shared labeling budget proportionally to these estimates. UCB is
a common algorithm used in MAB problems to balance exploration and exploitation (Carpentier et al, 2015;
26Garivier and Moulines, 2008), which takes into account the predicted mean value and the predicted standard
deviation, weighted by an adjustable parameter (Thompson et al, 2022). This allows to balance the exploitation
of data points with a high predicted value and the exploration of areas with high uncertainty.
In general, MAB problems can be seen as a special case of sequential experimental design, where the goal is to
sequentially choose experiments to perform with the aim of maximizing some outcome. The typical framework of
a MAB problem can be regarded as an optimization problem where the learner must identify the option or arm
with the highest reward, among a set of available arms characterized by different reward distributions. Both MAB
and active learning paradigms involve a sequential decision-making process where the learner aims to maximize
a reward or improve model accuracy by selecting an arm to pull or a data point to label, respectively, and
receiving feedback (in the form of a reward or label request) for each selection. There are two main approaches
to tackle MAB problems:
•Regret minimization. This approach is coherent with the objective of maximizing the cumulative reward
observed over many trials. In this case, the learner must balance exploration, namely trying out different arms
to learn more about the reward distributions, with exploitation, i.e., using current knowledge to choose the
most promising arm. These kinds of algorithms strike a balance between learning a good model and obtaining
high rewards. A few examples might be treatment design, online advertising and recommender systems.
•Pure exploration. In this case, we are interested in finding the most promising arm, with a certain confidence or
given a fixed budget on the number of pulls. To do so, the objective is to learn a good model while minimizing
the number of measurements or labels required. This scenario is suggested in circumstances where, due to
safety constraints, we are not given complete freedom to change the variable levels and we are mostly interested
in understanding the underlying model governing the system. Possible examples include drug discovery or soft
sensor development (Fortuna et al, 2007; Shi and Xiong, 2018; Chan et al, 2018; Tang et al, 2018).
The pure exploration approach is particularly useful when coupled with the study of linear bandits, which are a
type of contextual bandit algorithms that assume a linear relationship between the features of the context and
the expected reward of each arm. In this type of problem, when an arm x ∈ X is pulled, the learner observes a
reward r(x) that depends on an unknown parameter θ∗∈Rdaccording to the linear model
r(x) =x⊤θ∗+ε (45)
where εis a zero-mean i.i.d. noise. This is similar to active linear regression in that, in both cases, the learner
aims to select the most informative data points to learn about the underlying model or system (Audibert and
Munos, 2010; Jamieson and Nowak, 2014). Soare et al (2014), investigated this problem, in the offline setting,
using the G-optimality criterion and a newly proposed XY-allocation algorithm. Jedra and Proutiere (2020)
proposed a fixed-confidence algorithm for the same problem, while Azizi et al (2022) analyzed the fixed-budget
case, extending the framework to the case where the underlying model is represented by a generalized linear
model (Filippi et al, 2010). An interesting variant of this problem is presented in the study of transductive
experimental designs. A transductive design is a problem where we can pull arms from a set X ∈Rd, with the
objective of identifying the best arm or improve the predictions over a separate set of observations Z ∈Rd,
which is given, in an unlabeled form, beforehand. A practical example of this case is when we are trying to infer
the user preferences over a set of products, but we can only do that by pulling arms from a limited set of free
trials. Alternatively, we might be interested in estimating the efficacy of a drug over a certain population, while
doing experiments on a population with different characteristics. This problem has been tackled with an active
learning approach by Yu et al (2006), with the idea of exploiting unlabeled data points in Zwhile evaluating
the informativeness of the data points in X. The transductive case of sequential experimental design has been
explored by Fiez et al (2019), but instead of performing active learning, they were interested in inferring the best
reward over Z, only pulling the arms in X. Finally, this has been extended to the online scenario by Camilleri
et al (2021), balancing the trade-off between time complexity and label complexity, namely between the number
of unlabeled observations spanned and the number of labels queried in order to stop the learning procedure and
declare the best-arm.
In addition to MAB, reinforcement learning-based approaches can also be applied to active learning in order
to optimize a decision-making policy that balances the exploration of uncertain data with the exploitation of
information learned from previous observations. This can be particularly useful in applications where the goal
is to maximize the expected cumulative reward over time, such as in robotics or game playing. Compared to
MAB, reinforcement learning-based approaches offer a more general and flexible framework for active learning,
allowing for a wider range of problem formulations and feedback signals (Menard et al, 2021; Fang et al, 2017;
Rudovic et al, 2019). One approach to combining active learning and reinforcement learning is through modeling
the sampling routine as a contextual-bandit problem, as proposed by Wassermann et al (2019). In this approach,
27the rewards are based on the usefulness of the query behavior of the learner. The key intuition behind the use
of reinforcement learning in online active learning is that the learner gets feedback after the requested label,
based on how useful the request actually was. In contrast to the traditional active learning view, where most
of the effort is dedicated to the instance selection phase, the learner is penalized ex-post for querying useless
instances. The learner gets a positive reward ρ+if it asks for the label when it would have otherwise predicted
the wrong class, and a negative reward ρ−when querying was unnecessary as the model would have predicted
the right label. The contextual bandit problem is implemented by building an ensemble of different models, with
each expert suggesting whether to query or not based on whether its prediction certainty exceeds a threshold Γ.
The models are assigned a decision power based on how past suggestions were rewarded and how coherent they
were with the other experts’ suggestions. When an observation is sent to the oracle for labeling, the reward is
computed, and the objective function of the learner is to maximize the total reward over a time horizon T.
Another reinforcement learning-based approach has been proposed by Woodward and Finn (2017). They
considered the case where at each time step tthe learner needs to decide whether to predict the label of the
unlabeled data point xtor pay to request its label yt. The reinforcement learning framework is used to find an
optimal policy π∗(st) that takes into account the cost of asking for a label and the cost of making an incorrect
prediction, where strepresents the state that is given in input at the time tto a policy π(st) that outputs the
suggested action at. The authors approximate the action-value function using a long short-term memory (LSTM)
neural network with a linear output layer. The optimal policy is determined by maximizing the long-term reward,
after assigning a reward to a label request Rreq, a correct prediction Rcorr, and an incorrect prediction Rinc. It
should be noted that RcorrandRincshould be negative rewards, as they are associated with costly actions.
4 Evaluation strategies
The use of active learning approaches is becoming increasingly common in machine learning, allowing models to
be trained more efficiently by selecting the most informative examples for labeling. To evaluate the performance
of these approaches, it is typical to compare them to a passive random sampling strategy by generating learning
curves that plot the model performance (e.g., accuracy, F1 score, or root mean square error) on a holdout test
set over the number of labeled examples used for training. Learning curves are a useful tool for comparing the
asymptotic performance of different strategies and their sample efficiency, with the slope of the curve reflecting
the rate at which the model performance improves with additional labeled examples. A steeper slope indicates a
more sample-efficient strategy. When multiple sampling strategies are being compared, a visual inspection of the
learning curves may not be sufficient, and more rigorous statistical tests may be necessary. Reyes et al (2018)
recommend the use of non-parametric statistical tests to analyze the effectiveness of active learning strategies
for classification tasks. The sign test (Steel, 1959) or the Wilkinson signed-ranks test (Wilcoxon, 1945) can be
used to compare two strategies, while the Friedman test (Friedman, 1940), the Friedman aligned-ranks test
(Hodges and Lehmann, 1962), the Friedman test with Iman-Davenport correction (Iman and Davenport, 1980),
or the Quade test (Quade, 1979) can be used when evaluating more than two strategies. These statistical tests
can provide insight into whether the difference in performance between the active learning and passive random
sampling strategies is statistically significant.
Algorithm 6 Prequential evaluation for online active learning
Require: an initial model w0, a data stream S, a budget B, an active learning strategy Q.
t←1 ▷Timestamp
P← ∅ ▷Storing predictions
while c≤Bandi≤ |S|do
Observe the data point xt∈S
Predict the label bytand store it: P←P∪byt
ifQ(xt) =Truethen ▷Sampling decision
Ask for the true label ytand update the model
c←c+ 1 ▷Pay for the label
else
Discard xt
end if
t←t+ 1
end while
28Overall, the use of learning curves and statistical tests can provide valuable insights into the effectiveness
and efficiency of different active learning strategies. By understanding the statistical significance of differences
in performance between these strategies, researchers can make informed decisions about which approaches are
more effective for a particular task or dataset. Furthermore, the choice of the evaluation scheme is crucial when
assessing the performance of active learning approaches. If we use an evaluation scheme based on a holdout
test set, at each learning step tthe performance of the model is assessed using the same test set. This can be
a reasonable approach if we are dealing with a stationary data stream, which does not evolve over time. Under
these assumptions, using the same test set we might be able to better assess the prediction improvement as
more labeled examples are included in the design. However, this approach might not be ideal when dealing with
drifting data streams. In these circumstances, a prequential evaluation scheme can be more useful to monitor
the evolution of the prediction error over time (Su´ arez-Cetrulo et al, 2021; Cerqueira et al, 2020; Tieppo et al,
2022; Cacciarelli and Boresta, 2021). In online learning, prequential evaluation is also referred to as test-then-
train approach, and it involves using each incoming instance first to measure the prediction error, and then to
be included in the training set (Su´ arez-Cetrulo et al, 2023). The main steps of the test-then-train approach are
reported in Algorithm 6. The key idea is that at each time step t, we first test the model by making a prediction,
then we decide whether to query the true labels and finally we update our model.
An in-depth analysis and discussion between the use of a holdout test set and the prequential evaluation
scheme for streaming data has been provided by Gama et al (2009, 2013), who suggested the use of a prequen-
tial evaluation scheme with forgetting mechanisms. For scenarios with imbalanced data streams, a specialized
prequential variant of the area under the curve metric has been proposed by Brzezinski and Stefanowski (2015,
2017). From an implementation perspective, Bifet et al (2010) developed an open source software suite called
MOA for data stream mining, which includes both the holdout and prequential strategies. This framework has
found widespread application in the evaluation of online active learning strategies, as evidenced by the studies
conducted by Liu et al (2021); Shan et al (2019); Weigl et al (2016); Zhang et al (2020a); Alabdulrahman et al
(2016).
Evaluation Strategy Works
Holdout test set Desalvo et al (2021); Wassermann et al (2019); Roˇ zanec et al
(2022); Narr et al (2016); Ferdowsi et al (2013); Bordes et al
(2005); Suzuki et al (2021); Ghassemi et al (2016); Qin et al
(2021); Woodward and Finn (2017); Riquelme et al (2017b);
Cacciarelli et al (2022b, 2023); Manjah et al (2023)
Prequential/Test-then-train Zhang et al (2022); Pham et al (2022); Castellani et al (2022);
Chu et al (2011); Zhang et al (2018); Krawczyk et al (2018);
Xu et al (2016); Mohamad et al (2020); Weigl et al (2016);
Ienco et al (2013); Zhang et al (2020a)
Table 1 Evaluation strategies.
In Table 1, we categorize the studies based on the experimental protocols they employed to evaluate the sam-
pling strategies. The table exclusively includes approaches where the evaluation strategy was explicitly defined.
In most cases, when assessing active learning methods in the context of drifting data streams, a prequential
approach is favored. Conversely, for scenarios where the methods are ill-suited to handle concept drifts, hold-
out test sets tend to be the preferred choice. In approaches not featured in the table, the evaluation strategies
exhibited some variations or lacked explicit specification. For instance, in the work by Fujii and Kashima (2016),
their evaluation strategy involved training models on the queried data and subsequently testing them with the
entire dataset. This approach differs from the conventional test-then-train paradigm since, in this case, models
are tested on data they encountered during training, at least in part. Another example is found in Zhu et al
(2007), who utilized a window-based approach, assessing prediction accuracy across all observations in the cur-
rent batch. On a different note, Hao et al (2018a) employed the per-round regret metric, which quantifies the
loss difference between the forecaster and the best expert at each iteration of the active learning process. In some
instances, none of the previously mentioned methods were employed, as the analysis took a more theoretical per-
spective. This is exemplified by the works of Dasgupta et al (2005); Chae and Hong (2021); Huang et al (2022).
Lastly, bandit algorithms employed a distinct evaluation approach, often aiming to identify the most promising
arm with a fixed confidence or budget. In the fixed confidence setting, performance typically hinges on compar-
ing label complexity to problem dimensionality or the number of arms pulled, as observed in Fiez et al (2019).
Alternatively, regret or error metrics were evaluated against the required number of trials, as demonstrated in
the studies by Riquelme et al (2017a); Sudarsanam and Ravindran (2018); Fontaine et al (2021).
295 Real-world applications and challenges
5.1 Applications
Online active learning has been recognized as a powerful technique in scenarios where data is arriving at a high
velocity, labeling data is expensive, and it is infeasible to store all the unlabeled data before making a decision
about which observations to query to update the model. In particular, these techniques have proven particularly
useful in dynamic and ever-evolving environments, where models need to adapt to new data in real-time, by
selectively querying the most informative instances. One of the first real-world applications of online active
learning has been presented by Sculley (2007), who investigated the scenario of low-cost active spam filtering
(Figure 13) where a filter is updated online by selecting the most informative emails in real time. Another
application of online active learning in the field of IT has been recently presented by Zhang et al (2020a). They
analyzed the scenario of network protocol identification and proposed a method (presented in Section 3.2) to
select the most representative instances on the fly and adapt the model to dynamic data distributions.
Stream of emails
Stream of emails
Receive an email
Query label?
Filter
Classify email
Update filterYesNo
Fig. 13 Low-cost active spam filtering (Sculley, 2007).
Computer vision is another interesting area where online active learning can be applied. Deep learning models
require a large amount of annotated data, making manual annotation of thousands of images one of the most
challenging aspects of model development. However, it is important to note that the most effective deep active
learning methods proposed so far are not easily adaptable to a stream-based setting. Many of these methods
involve clustering or measuring pairwise similarity among image embeddings (Sener and Savarese, 2017; Agarwal
et al, 2020; Ash et al, 2019; Citovsky et al, 2021; Prabhu et al, 2020), which cannot be easily done in a single-
pass manner. As a result, most online applications of active learning in computer vision rely on the use of
traditional models with uncertainty-based sampling. Narr et al (2016) analyze the stream-based active learning
problem for the classification of 3D objects. They used a mondrian forest classifier (Lakshminarayanan et al,
2014), which is an efficient alternative of random forest for the online learning scenario, and selected images
with high classification uncertainty to be labeled. Roˇ zanec et al (2022) used online active learning to reduce the
data labeling effort while performing vision-based process monitoring. Initially, features are extracted from the
images using a pre-trained ResNet-18 model (He et al, 2015) and then, using the mutual information criterion
(Kraskov et al, 2004), only√nfeatures (Hua et al, 2005) are retained to fit an online classifier, where nis
the total number of observations in the training set. The authors combine a simple active learning strategy
based on model uncertainty with five streaming classification algorithms, including Hoeffding tree (Hulten et al,
2001), Hoeffding adaptive tree (Bifet and Gavald` a, 2009), stochastic gradient tree (Gouk et al, 2019), streaming
logistic regression, and streaming k-nearest neighbors. Recently, Saran et al (2023) proposed a novel approach
to streaming active learning with deep neural networks. Given a neural network with fwith parameters θ, last-
layer parameters θL, and the cross-entropy function ℓ, they compute the gradient representation of the data
point xt, which is given by
g(xt) =∂
∂θLℓ(f(xt;θ),byt) (46)
wherebyt= argmax f(xt;θ). Then, the data points to be included in the batch for training the model are chosen
by using a probability ptproportional to the contribution of the current example to the covariance matrix of the
examples collected so far, as in
pt∝det
bΣt+g(xt)g(xt)⊤
(47)
wherebΣtis the covariance matrix of the data points that have been selected to be included int he current batch,
up to the time step t.
30Online active learning has also been explored for object detection tasks. Manjah et al (2023) proposed
a stream-based active distillation (SBAD) framework by combining the concepts of active learning and self-
supervision as described in Section 2.3. The SBAD framework enables the deployment of scalable deep-learning
models as it does not rely on human annotators and takes into account the imperfection of the oracle when
distilling knowledge from a large teacher model to a lightweight student. Indeed, the authors suggest setting
a threshold on the confidence of the images and only querying images with high confidence in trying to avoid
confirmation bias. The threshold is determined using a warm-up phase, similarly to the approach proposed by
Cacciarelli et al (2022b) presented in Algorithm 5. The SBAD pipeline for model development and evaluation is
reported in Figure 14.
Fig. 14 SBAD framework (Manjah et al, 2023): sampling, fine-tuning and evaluation. The sampling is performed in a single-pass
manner via thresholding.
The problem of performing active learning for object detection with streaming data has also been explored
by Beck et al (2023). In the case of a camera placed on an autonomous vehicle, the collected data encompasses
various scenarios, including clear weather, foggy conditions, and rainy weather, all of which require the model
to perform effectively. However, the frequency of these scenarios can vary significantly. In situations where
one scenario is prevalent, a passive sampling strategy could tend to sample very few examples from the most
rare slices. Instead, the proposed streamline approach by attempts to smartly allocate the budget to obtain
more observations from the slices where the model is under-performing. The case of autonomous cars was also
considered by Yan et al (2023), who used a diversity-based online active learning strategy to reduce false alarm
rate and learn unseen faults.
Another interesting industrial application has been recently presented by Ghiasi et al (2023). They proposed
a deployable framework that combines a thermodynamics-based compressor model and a Gaussian Process-based
surrogate model with an online active learning module. The objective of the study was to minimize the power
absorbed by the machine during the boil off process of centrifugal compressor. In the proposed framework, the
simulator, the surrogate model, and the optimizer interact in real time to determine the new experimental points.
5.2 Challenges
When applying online active learning strategies to real-world problems, there are several potential issues to
consider, including:
•Algorithm scalability. Online active learning algorithms need to be efficient and scalable to handle large datasets
and high-velocity data streams. As the amount of data grows, the computational demands of active learning
can become prohibitive, making it difficult to deploy in practice. The time required to make the sampling
decision needs to be lower than the feed rate of the process being analyzed. If the algorithm is too slow, it
may require a buffer, which reduces the benefits of online active learning.
•Labeling quality. Most online active learning strategies rely heavily on the quality of labeled data, which can
be challenging to ensure in real-world scenarios. Human annotators may make errors, introduce biases, or
interpret labeling instructions differently. For this reason, in real-life situations, it may be necessary to consider
oracle imperfections like in the knowledge distillation case (Baykal et al, 2022). Another difficult aspect related
to labeling quality is the delay or latency, which has been described in Section 2.2.3.
31•Data drift. In real-world settings, data distributions may shift over time, making it challenging for models to
adapt and continue providing accurate predictions. Changes in the data distribution may also affect the quality
of the labeled data, as the criteria for selecting informative instances may become less effective. Methods from
Sections 3.2 and 3.3 should be used when dynamic and ever-changing behaviors are expected.
•Model interpretability. Besides simply asking for the most informative instances from a modeling perspective,
it might be useful to provide additional information on why a particular instance is beneficial for improving
the performance of the current model. In fields like healthcare and manufacturing this might help practitioners
to improve their understanding of the underlying problem.
•Evaluation. When developing active learning methods from a research perspective, the different query strate-
gies are evaluated assuming the ground-truth labels to be available for a held-out test set, or for the data
stream being analyzed. However, in real life, the key motivation behind active learning is label scarcity and
thus it might be difficult to thoroughly assess the effectiveness of the deployed sampling strategy.
•Human-computer interaction. In the context of active learning for data streams, the synergy between human
labelers and computer systems plays a pivotal role in the labeling process. While the majority of online active
learning methods focus on querying the most informative data points in real-time, we can distinguish between
two distinct labeling scenarios:
1.Real-time annotation. In most of the presented works, it is assumed that labels are immediately available
when a data point is queried from the stream. This immediate access to true labels enables an optimized
active learning routine, as the model can be promptly updated and can recommend exploration of new
regions based on up-to-date information. However, this approach poses some implementation challenges
that need to be addressed with the use of advanced data annotation tools (Feuz and Cook, 2013).
2.Postponed annotation. There are cases where we must allow for a delay between data querying and labeling.
For instance, methods that consider verification latency (Castellani et al, 2022; Pham et al, 2022) take
into account the possibility of delayed labels. This is particularly relevant in situations where a physical
quality inspection or medical treatment must occur before the label is revealed. Another example is in the
training of deep neural networks, where real-time sampling from a data stream is necessary due to memory
constraints (Manjah et al, 2023), but the labeling and model update phase may occur when a batch is
collected, following a batch-mode active learning strategy (Ren et al, 2022).
6 Summary and future directions
This survey outlines the challenge of conducting active learning with data streams and investigates different
approaches for selecting the most informative data points in real-time.
Table 2 provides a summary of the relevant state-of-the-art approaches, highlighting their main properties
and settings. Our examination reveals that existing research has predominantly concentrated on creating online
classification models, which can operate with both stationary and drifting data streams. However, there has
been comparatively limited effort devoted to online active linear regression or dedicated to constructing online
regression models in general.
We believe that there are several promising directions for future research in this field. First, we recommend
further investigation into online active learning strategies specifically designed for regression models. Given the
limited work in this area, there is a need for more advanced methods that can be applied to nonlinear models,
beyond linear models or linear bandits. For example, there has been a recent spark of interest toward the use of
Bayesian optimization for active learning in nonlinear regression problems (Mohamadi and Amindavar, 2020; Riis
et al, 2022). Additionally, model-agnostic methods that can be applied to a variety of regression models could be
valuable as they would provide a more general solution to the problem. Second, we believe that there is potential
for research into single-pass online sampling strategies for dynamic data streams. Ensemble models and batch-
based approaches have been the dominant methods in online classification, but some of their assumptions or
requirements may not hold in many real-world applications. For instance, in some applications, data may arrive
in a continuous stream, and it may not be possible to divide it into batches due to time or memory constraints.
In such cases, single-pass online sampling strategies that do not require the use or update of multiple models
would be more practical. Moreover, it could be beneficial to develop online active learning strategies that are able
to tackle all the types of distribution shifts introduced in Section 3.2. Finally, the combination of reinforcement
learning and active learning in pool-based scenarios is an area of ongoing research. We believe that the study of
online reinforcement learning to optimize sampling strategies could provide valuable insights into how to best
perform active learning in dynamic environments.
32Data processing Data
streamTask Model Work(s)
Single-passStationaryClassificationSingle
ModelCesa-Bianchi et al (2004,
2006); Dasgupta et al (2005);
Sculley (2007); Lu et al (2016);
Hao et al (2018b); Ghassemi
et al (2016); Shah and Man-
wani (2020); Mohamad et al
(2020); Saran et al (2023);
Roˇ zanec et al (2022); Wood-
ward and Finn (2017)
Ensemble Huang et al (2022); Desalvo
et al (2021); Loy et al (2012);
Hao et al (2018a); Chae and
Hong (2021)
Regression Single
ModelRiquelme (2017); Fontaine
et al (2021); Cacciarelli et al
(2022b, 2023, 2022a)
Object
detectionSingle
ModelManjah et al (2023)
Drifting ClassificationSingle
ModelKrawczyk et al (2018); Castel-
lani et al (2022); Pham et al
(2022); Yin et al (2023);
Mohamad et al (2018); Liu
et al (2021); Kurlej and
Wo´ zniak (2011); Chu et al
(2011)
Ensemble Zhang et al (2020a); Shan
et al (2019); Zhang et al (2018,
2022)
EvolvingClassification Single
ModelLughofer (2012); Pratama et al
(2015)
Regression Single
ModelLughofer and Pratama (2018);
Lughofer and ˇSkrjanc (2023)
BatchStationaryClassification Single
ModelBordes et al (2005); Qin et al
(2021); Fujii and Kashima
(2016)
Object
detectionSingle
ModelBeck et al (2023)
Drifting ClassificationSingle
ModelCheng et al (2023); Martins
et al (2023); Ienco et al (2013);
Zhang et al (2023); Yan et al
(2023)
Ensemble Zhu et al (2007); Wo´ zniak et al
(2023); Halder et al (2023)
Evolving Classification Single
ModelSubramanian et al (2014);
Weigl et al (2016); Cernuda
et al (2014)
Table 2 Online active learning strategies: summary based on data processing capabilities,
assumptions about the data stream, task of the model and model characteristics.
7"
Changing_Data_Sources_in_the_Age_of_Machine_Learning_for_Official_Statistics.pdf,"Data science has become increasingly essential for the production of official statistics, as it enables
the automated collection, processing, and analysis of large amounts of data. With such data science
practices in place, it enables more timely, more insightful and more flexible reporting. However, the
quality and integrity of data-science-driven statistics rely on the accuracy and reliability of the data
sources and the machine learning techniques that support them. In particular, changes in data sources
are inevitable to occur and pose significant risks that are crucial to address in the context of machine
learning for official statistics.
This paper gives an overview of the main risks, liabilities, and uncertainties associated with changing
data sources in the context of machine learning for official statistics. We provide a checklist of the
most prevalent origins and causes of changing data sources; not only on a technical level but also
regarding ownership, ethics, regulation, and public perception. Next, we highlight the repercussions
of changing data sources on statistical reporting. These include technical effects such as concept
drift, bias, availability, validity, accuracy and completeness, but also the neutrality and potential
discontinuation of the statistical offering. We offer a few important precautionary measures, such as
enhancing robustness in both data sourcing and statistical techniques, and thorough monitoring. In
doing so, machine learning-based official statistics can maintain integrity, reliability, consistency, and
relevance in policy-making, decision-making, and public discourse.
1","The field of statistics has long played a critical role in informing policy decisions, driving innovation, and advancing
scientific knowledge. Traditional statistical","s such as surveys and censuses have provided valuable insights into
a wide range of topics, from population demographics to economic trends and public opinion. However, in recent years,
the increasing availability of open and large data sources has opened up new opportunities for statistical analysis. In
particular, the rise of machine learning has transformed the field of statistics, enabling the analysis of massive datasets,
the identification of complex patterns and relationships, non-linear forecasting, etc. [ 1,2]. Machine learning algorithms
can be used to analyze data from a wide range of sources, providing insights that traditional survey methods may not
capture.
The use of machine learning for official statistics has the potential to provide more timely, accurate and comprehensive
insights into a wide range of societal topics [ 3]. By leveraging the vast amounts of data that are generated by individuals
and entities on a daily basis, statistical agencies can gain a more nuanced understanding of trends and patterns, and
respond more quickly to emerging issues.
However, this shift towards machine learning also presents a number of challenges. In particular, there are concerns
about data quality, privacy, and security, as well as the need for appropriate technical skills and infrastructure [ 4,5], asarXiv:2306.04338v1  [stat.ML]  7 Jun 2023well as challenges related to explainability, accuracy, reproducibility, timeliness, and cost effectiveness [ 6]. As statistical
agencies grapple with these challenges, it is essential to ensure that the benefits of machine learning are balanced
against the risks and that the","ing insights are both accurate and representative. In this paper, we explore the
changing data sources in the age of machine learning for official statistics, as we believe that this pervasive issue largely
remains underexposed, as we will explain in Section 2.2. In that respect, we highlight some of the key considerations
for statistical agencies looking to incorporate machine learning into their workflows in Section 3, by zooming in on the
causes and risks associated with using external data sources, the consequences on using such sources for statistical
production, and, finally, a set of mitigations that should ideally be incorporated in any genuine deployment of machine
learning for official statistics.
2 Machine learning for official statistics
The data abundance in governmental, corporate, social and personal contexts, both online and offline, becomes a
tantalizing source and opportunity for the improvement and expansion of official statistics. For example, to inquire
about the overall satisfaction with life of its citizens, a nation could organize periodic surveys. But when this nation has
access to its citizens’ social media posts, likes, reader’s letters, media consumption, ticket sales, (online) shopping carts,
etc. it could use all of these data as a proxy to extract novel and innovative statistical insights [ 7]. Typically, the end
result is either a new statistic, a statistic that complements an existing one, or an ersatz statistic that aims to replace
one or more existing statistics. We will briefly zoom in on the different components of which such a novel statistic is
generally comprised.
2.1 Machine learning
To derive novel insights and innovative statistics from data, data scientists and statistical researchers often use a wide
variety of powerful tools that are in the realm of machine learning1. In this paper we will not go into too much detail
about machine learning. However, the use of data sources together with machine learning models can cause unwanted
effects regarding statistical production, see further in Section 3. So, we deem it useful to provide a high-level overview
of the typical process that involves machine learning for official statistics.
Machine learning is a subdiscipline of artificial intelligence that enables machines to learn from data and improve
their performance over time without being explicitly programmed. This approach involves building algorithms that
automatically learn from data to identify patterns, relationships, and structures that may be difficult or impossible for
humans to discern. The typical process of designing a machine learning algorithm consists of two main phases: training
and inference. During the training phase, the parameters of a machine learning model are tuned to solve a specific task.
For this, a wide variety of data sources can be used, or even outputs from existing or pre-trained machine learning
models. After the model is trained, its parameters are kept fixed so that the model can be used to predict outcomes or
identify patterns in new or previously unseen data. This process is called inference. It is important to keep in mind the
distinction between training and inference. After training, the model remains unchanged, and it remains unchanged
until it is retrained again. Later, in Section 3, we will focus on the disparities that this can cause w.r.t. the inference
phase and, in consequence, official statistics production.
Supervised learning is one of the most common types of machine learning used for official statistics. This method
involves training a model on a labeled dataset, where each data point has a known outcome or target variable. The
model learns to associate features in the data with the target variable, enabling it to make predictions on new data with
similar features. In the context of official statistics, supervised learning can for example be used to predict the happiness
of an individual based on their Twitter profile [ 8]. Unsupervised learning, on the other hand, is used when the target
variable is unknown or the goal is to identify patterns or relationships within the data. In this approach, the machine
learning model learns to recognize similarities and differences among input data without explicit guidance from labeled
data. In the context of official statistics, unsupervised learning can for example be used to identify citizens, companies
or events that are similar to each other on one or more aspects that could be hidden from plain sight [9].
Machine learning can be used to complement or even replace official statistics, and its ability to nowcast and forecast is
an extremely valuable addition. Modern machine learning models, tools and hardware can analyze vast amounts of data
in real-time or near-real-time, providing more up-to-date and precise estimates of e.g. economic and social trends. By
1Although originally (and technically) they imply different methods and techniques, the terms machine learning, data science,
artificial intelligence, deep learning... are nowadays considered interchangeable. In this paper we consistently use the term machine
learning to denote the scientific discipline concerned with learning the most optimal model parameters based on data. It is a
subdiscipline of artificial intelligence, while deep learning is a subdiscipline of machine learning. Data science encompasses both
machine learning as well as data preparation, analytics and visualization.
2incorporating machine learning into official statistical production, one can benefit from the strengths of both approaches
and make more informed decisions based on the most current and accurate data [10].
2.2 External data sources
Let’s focus on the data sources that will power such machine learning models. Their nature, size, structure,
frequency... can be vastly different, they must typically be gathered ‘in the wild’ and should often be combined with
each other to extract meaningful insights. Compared to more traditional data sources for official statistics, they may
present unique and appealing characteristics such as:
Broad-spectrum – Covers a wide variety of topics.
Diversity – A large variety of sources to cover different perspectives.
Availability – Lots of data is freely and easily accessible.
Size – Some datasets can be enormous, sometimes even complete.
Structure – Not only tabular data, but also images, video, text, audio, etc.
Timeliness – (Near) up-to-date and real-time information.
Frequency – Raw data on various, even very fine-grained time scales.
Granularity – Raw data on various, even fine-grained levels of detail.
Coverage – Various locations and regions can be filtered and covered.
On the other hand, before all this data is ready to be exerted for machine learning and official statistical production, a
few challenges need to be overcome, such as:
Data quality – Data may contain errors, biases, or missing values that need to be addressed to ensure accuracy and
reliability.
Data interpretation – Understanding the context and meaning of data can be difficult, especially when dealing with
unstructured data such as text or images.
Data integration – Combining data from different sources with varying structures and formats can be challenging and
time-consuming.
Selection bias – Proper randomization or compiling representative population samples can be challenging, and it
greatly depends on the underlying data origins.
Operationalization bias – Reproducibility can be difficult as it depends on many implicit, hidden, and/or production-
specific design choices [11, 12].
Computational resources – Processing and analyzing large amounts of data may require significant computational
resources.
Privacy and security – Sensitive data may need to be protected and anonymized to ensure privacy and security.
Data ethics – Data collection and use should adhere to ethical principles.
Fairness and justness – The end solution should ideally be as neutral as possible and should not discriminate [13].
Cost – All of the above requires resources, budgets and a talented workforce. In addition, the data source itself might
need to be purchased. In 2016, McKinsey reported that many companies have started to specialize in acquiring and
selling data [14].
3With the right tools, workforce, technological advances, mindset, and legislative support, these challenges can and
should be manageable. The most challenging piece of the puzzle, however – and one that is more than often ignored –
is the lack of control you can exert over the data sources that are externally gathered. As a national statistics agency,
traditionally, survey data and administrative records that power official statistics are completely under your own control.
But once you start exploiting external data sources to power novel, innovative, complimentary or ersatz statistics, this
lack of control of your data should never be ignored, and if possible, should be front and center on your agenda early on
in the process.
As the popular saying goes: “With great power comes great responsibility” (from Spider-Man, 2002). Having control
and power over your data is essential to fulfilling your responsibilities as a statistics agency. However, in the world of
data, the opposite is often true: with great amounts of external data comes great powerlessness. Therefore, it is crucial
to prioritize the issue of data control when incorporating external sources into official statistics. Taking the time to
establish proper protocols and procedures for external data management can prevent a multitude of issues down the line
and ensure that the data you rely on remain accurate and trustworthy.
This paper delves into the pervasive problem of powerlessness and lack of control, unraveling the multifaceted aspects,
risks, and pitfalls that arise from utilizing external data sources for machine learning in official statistics. We will
explore the concepts of ‘change’ and ‘consequence’ in their most expansive interpretations to comprehensively tackle
this question.
3 The challenge of changing data sources
Relying heavily on external data sources for machine learning in official statistics comes with significant risks. Such a
dependence can leave statistical agencies vulnerable since they have limited control over these sources. This situation
is similar to how our global economy, mobility, and prosperity were once highly dependent on the availability of oil.
Since the prices and availability of these precious resources are often beyond our control, countries can do nothing but
endure price fluctuations and shortages. Clive Humby proclaimed in 2006 that “data is the new oil”, given its powerful
intrinsic value. However, his statement keeps holding true in terms of vulnerability, powerlessness, and lack of control
over external providers.
In the following paragraphs, we will delve into the various types and causes of data changes. We will then discuss the
ramifications of changing data sources for machine learning in official statistics. Finally, we will provide a list of best
practices and tips, although it is important to remember that there is no free lunch: whenever we incorporate external
data, we expose ourselves to the risk of future changes in these data sources.
3.1 Types and Causes of Changing Data Sources
3.1.1 Data types and schemas
A change in data types or schemas refers to modifications made to the data formats or the structure in which the data
are stored and offered. These types of changes may arise due to a need to accommodate future use cases or business
requirements, to eliminate technical debt, or to improve data storage and retrieval efficiency. Even the most innocent
changes – e.g. integers becoming floats, data columns that are added or removed... – can break entire pipelines. In
the most fortunate of cases the runtime environment will throw errors that reveal the cause of these data changes. In
other cases, however, the data changes remain undetected and secretly wreak havoc in the pipeline. If the pipeline
contains machine learning components, data type changes can e.g. induce feature mismatches – discrepancies between
the feature distributions at train and inference time – that lead to unreliable predictions.
It is important to be vigilant about changes in data types or schemas, as even seemingly minor adjustments can have
significant impacts further down the data pipeline. To mitigate these risks, it is advisable to stay informed about data
change announcements from providers and implement robust data checks during data ingestion, ranging from simple
data (type) validation to full-blown automated feature analysis, outlier detection, etc. Additionally, the deployment of
effective monitoring systems can help catch machine learning failures quickly and prevent potentially costly errors.
3.1.2 Sharing and collection technology
Data can be shared and collected using many different technologies, such as APIs, queues, network drives, external
drives, e-mail... but also web scraping, online analytics tools, sensor networks... Changes in these technologies inevitably
occur from time to time. For example, API endpoints often need to be updated to improve functionality and performance.
Changes may be made to the API’s data structures or methods, to provide more efficient or comprehensive data access.
In addition, changes may be made to the API to address security vulnerabilities or to ensure compliance with new
4regulations or standards. Furthermore, changes in business requirements or strategy may also lead to changes in API
endpoints. For instance, a company may introduce new products or services, modify their existing offerings, or change
their pricing.
A recent, telling example is the Twitter API. In 2021, Twitter launched version 2 of its popular API that introduced
many changes in endpoints, data fields, pricing... compared to version 1.1. Twitter encouraged developers to migrate to
this new API offering, but for many use cases such a migration would introduce breaking changes that, in their turn,
would impact entire data processing pipelines, statistics production, etc. For the time being, Twitter offered both version
1.1 and version 2 of their API in parallel, which caused many to bury their heads in the sand. The situation got even
worse when Elon Musk acquired Twitter in 2022 and decided to suspend all existing API offerings. Instead, in 2023 a
new enterprise tier was introduced that put a price of more than 40 thousand USD per month on any reasonably effective
use of the API. This caused great dissatisfaction in the development and research community and many initiatives were
abandoned.
3.1.3 Concept drift
Concept drift is related to changes in the data distribution between train and test time, which can have multiple causes
[15,16]. Changes in business logic can induce information shifts, for example, when categorical variables are expanded
with additional categories or when the meaning of certain data fields is altered. A particular pervasive issue is the
calculation of derived data fields, especially when those calculations are not transparent or proprietary. In the age of
machine learning, you should always assume that derived data fields can be the result of a model prediction; when
this model is updated without your knowing, the derived data fields will have a (slightly) different data distribution,
which will cause issues in dependent machine learning models. But even when data fields are not the result of a model’s
prediction, it is important to periodically reevaluate and retrain models, since many sociological and economic processes
are naturally prone to concept drift themselves.
3.1.4 Frequency and interruptions
A change in data frequency refers to modifications made to the rate at which data is collected or updated, which can
happen deliberately or randomly. Deliberate changes may arise due to shifts in business requirements or technological
choices. Random shifts are most often attributed to noisy factors such as network issues, component failures, down-
time... or (human) errors. Such changes in frequency can impact machine learning components dramatically. E.g. when
periodical data is sampled every minute instead of every second, the data distribution changes on which the model was
trained. To mitigate these risks, data pipelines should be designed to monitor changes in incoming data frequency.
3.1.5 Ownership and discontinuation
Worse than interruptions is downright discontinuation of the data source, which has immediate consequences on the
future existence of the statistic. Also, a change of ownership of the data source – e.g. when acquired by another company
– is not a fictional scenario, and it can trigger any of the risks that are discussed in this section. Building redundancy by
diversifying data sources is a useful mitigating strategy to avoid single points of failures.
3.1.6 Legal properties
Legal changes refer to modifications made to the legal landscape that governs the collection, storage, and use of data.
This type of change may arise due to new privacy laws, contractual obligations, or changes in the cost of data access or
storage. One cause of this type of change is the adoption of new regulations, such as GDPR, which require companies
to comply with stricter rules for collecting and processing data. Additionally, changes in the cost of data access or
storage may require companies to modify their data sources or methods to reduce costs, which can have contractual
consequences. If possible, negotiate airtight SLAs with the data provider and make sure to attribute enough attention to
future data changes.
3.1.7 Ethics and public perception
Ethical considerations and public perceptions can affect data collection methods and sources. If certain data sources
or variables are considered controversial or intrusive, there may be a shift towards alternative sources, which may
require a refresh of the used machine learning models. It can also impact the way machine learning models are designed
and trained. If certain variables or factors are considered discriminatory or unethical, there may be a push towards
eliminating or adjusting them to reduce algorithmic bias. Changes in ethics or public perceptions can also result in
greater accountability and the need for transparency. Stakeholders may demand more openness and clarity around
the use of algorithms, data sources, and decision-making processes. This can lead to greater scrutiny and oversight of
5machine learning models, which may impact their performance if not adequately addressed, especially when black-box
models need to be replaced by more interpretative variants [ 17,18,19]. Finally, public trust can be significantly affected.
If stakeholders perceive that machine learning is being used inappropriately or unethically, they may lose faith in the
integrity and reliability of official statistics. This can have significant consequences for public policy and decision
making.
3.2 Consequences of Changing Data Sources
When data sources change, there will be consequences for official statistics production, especially if there are machine
learning components involved. We will broadly but briefly cover a variety of areas that can be impacted, some of which
have already been mentioned above.
Concept drift – Concept drift means that the underlying patterns and relationships in the data may change over time,
which can lead to model deterioration or loss of accuracy. This issue can be particularly relevant when dealing with
long-term trends, as changes in societal norms, technology, or other external factors can influence data over time [ 16].
Model staleness – When a model becomes outdated, it no longer reflects current trends or patterns in the data. This can
occur if the machine learning model is not updated frequently enough to keep pace with changing data sources. As a
result, the model may not perform as well as it once did, leading to less accurate official statistics.
Bias and neutrality – Changing data sources can also introduce bias or incorrect data, which can impact the neutrality
of the statistics produced, or which can lead to the phenomenon “garbage in, garbage out” [ 20,21]. Since it is essential
that official statistics remain neutral and objective, this will negatively impact the accuracy and validity of these statistics.
Availability – If data become unavailable (for a certain period in time or indefinitely) or are limited in scope, this may
impact the ability to produce accurate and timely official statistics.
Integration – A change in data sources can cause a domino effect when multiple statistics or models rely on this data
source. Especially be mindful when the output of machine learning models is used as input for other machine learning
models, either directly or indirectly as part of a larger data pipeline. Since the predictions of a machine learning model
can become unreliable when the input data change, this prediction shift itself is a changing data source for other models.
Extra labor – The risk of changing data sources requires additional resources and labor to mitigate the effects of such
changes, monitor the occurrence of changes, and ensure that the new data are properly integrated into existing machine
learning models. This has tremendous impacts on the costs and timeline of the produced statistics, and it may also
require a significant team expansion.
Breaking changes or discontinuation – In some cases, changing data sources may cause the impossibility of
producing a statistic any further. If this is the case, it may be necessary to stop offering the statistic altogether or find
alternative data sources that can produce accurate and reliable official statistics. When alternative data sources are
found, there will almost always be a mismatch with the original data source that has an impact on the resulting statistic,
resulting in a breaking change. In that case, it is important to overcome the mismatches as best as possible – e.g. in
terms of statistical properties – and, certainly, to be transparent about the breaking change, e.g. by indicating on a graph
when exactly the data source was changed.
Quality metrics – Finally, changing data sources imply changes in timeliness, validity, accuracy, completeness,
consistency and other quality metrics w.r.t. the produced official statistics [ 6]. Ensuring that resulting statistic continues
to meet these quality metrics remains critical.
3.3 Mitigating Changing Data Sources
As has been illustrated above, changes in data sources can significantly impact the performance of a machine learning
model. The effects can be diverse, ranging from introducing biases in the data to producing incorrect results. This can
have serious implications, especially when the model is being used for official statistics, where accuracy and reliability
are of paramount importance. Therefore, it is essential to take measures to prevent and mitigate such changes. This is
not an easy task, as the consequences can be diverse, and the required efforts to mitigate them are often time-consuming
and not straightforward. We do not claim to have definite answers. However, we will propose several recommendations
and best practices, including performing a risk analysis, monitoring, diversifying data sources, building technical
robustness, using data normalization techniques, and incorporating data validation processes.
6Risk analysis – Performing a risk analysis before incorporating a new data source is an essential step in mitigating
the impact of changes in data sources. This analysis involves identifying the potential risks associated with the data
source, which we have covered in Section 3.1. The analysis should be comprehensive, considering both technical and
non-technical aspects of the data source, and should ideally include potential solutions for the identified risks. This will
often force you to face the hard truth and will lead you to decide that the candidate data sources are not adequate or
reliable enough. Trade-offs will nevertheless need to be considered, depending on the use case at hand.
Monitoring – Monitoring everything that is relevant is another crucial step in mitigating the impact of changing data
sources. It involves tracking various aspects of the data sources, the machine learning models, and their outputs to
detect and respond to changes promptly. Draft a list of variables and quantities that must be continuously tracked to
ensure that the models remain reliable and accurate over time. For this, inspiration can be drawn from the discussed
topics in Section 3.1, but it will vary from use case to use case, as well as the nature of the models that have been used.
Supervised models, for example, can be tested against a reference test set or a historical reference model; if the accuracy,
precision or recall starts to deviate significantly from this reference set, it should be flagged. On the other hand,
monitoring the performance of unsupervised models can be more challenging, because there is no clear performance
measure that can be directly computed. One approach is to monitor the model’s ability to detect patterns and clusters in
the data. It is possible to use a reference test set or reference model for this, but the informative metrics – e.g. cluster
similarity, homogeneity, separation... – are more abstract and somewhat harder to interpret. Another approach is to
visualize projections of certain interesting data points in the learned latent spaces or preferably a reduction thereof,
which greatly benefits interpretability but makes it harder to convert it into hard numbers. As a suggestion, a good
balance between interpretability and hard performance metrics is found when clusters are tested against pre-existing
domain knowledge, e.g. by listing similar data points for given queries. Simply monitoring whether expected similarities
emerge or not can provide powerful signals about model and data performance. Another effective approach is to create
proxy supervised tasks that rely on the output of the unsupervised model. Monitoring the model’s performance on such
proxy tasks can provide insights into the quality and usefulness of the unsupervised model’s output.
Diversification – Diversifying data sources is another important measure, but is easier said than done. One challenge of
using multiple data sources is the potential for conflicts or inconsistencies between the sources. Different data sources
may have different formats, schemas, and levels of quality, which can create discrepancies and inconsistencies that must
be resolved before the data can be used in the model. Therefore, data normalization is key. Additionally, integrating
multiple data sources can be a complex and time-consuming process. It can also create additional computational
overhead, which may impact the model’s scalability and portability. Finally, finding relevant and reliable data sources
can be a challenging task, particularly for specialized or niche domains. It may require extensive research and
communication with data providers to retrieve relevant data. Again, this story is about economical, technical and
practical trade-offs, and is of course highly use-case-dependent.
Technical robustness – Building technical robustness is paramount and requires significant engineering efforts.
Building an automated, data-driven statistic that is resistant to changing data sources such as errors, outliers, outages,
time-dependent variability, etc. ensures consistency in the statistical offering. Using data normalization techniques and
incorporating data validation into the pipeline are essential measures, but robust technical implementations also require
thorough unit and integration testing, failover and deduplication, scalability solutions, security measures, etc. Of course,
this is an entire field of study on its own.
Legal robustness – Finally, we believe that agreeing on clear legal guidelines is the best mitigation strategy to counter
the risk of changing data sources, for example, by closing formal data sharing agreements or SLAa with data providers.
Such agreements should specify the terms and conditions under which the data can be shared, as well as the legal
responsibilities of each party. In particular, the agreements should specify the legal consequences of non-compliance.
4"
DOME_Recommendations_for_supervised_machine_learning_validation_in_biology.pdf,"Modern
biology
frequently
relies
on
machine
learning
to
provide
predictions
and
improve
decision
 
 
 
 
 
 
 
 
 
 
 
 
 
processes.
There
have
been
recent
calls
for
more
scrutiny
on
machine
learning
performance
and
possible
 
 
 
 
 
 
 
 
 
 
 
 
 
 
 
limitations.
Here
we
present
a
set
of
community-wide
recommendations
aiming
to
help
establish
 
 
 
 
 
 
 
 
 
 
 
 
 
standards
of
supervised
machine
learning
validation
in
biology.
Adopting
a
structured
methods
 
 
 
 
 
 
 
 
 
 
 
 
description
for
machine
learning
based
on
data,
optimization,
model,
evaluation
(DOME)
will
aim
to
help
 
 
 
 
 
 
 
 
 
 
 
 
 
 
 
both
reviewers
and
readers
to
better
understand
and
assess
the
performance
and
limitations
of
a
method
 
 
 
 
 
 
 
 
 
 
 
 
 
 
 
 
or
outcome.
The
recommendations
are
formulated
as
questions
to
anyone
wishing
to
pursue
 
 
 
 
 
 
 
 
 
 
 
 
 
implementation
of
a
machine
learning
algorithm.
Answers
to
these
questions
can
be
easily
included
in
the
 
 
 
 
 
 
 
 
 
 
 
 
 
 
 
 
supplementary material of published papers.","With
the
steep
decline
in
the
cost
of
high-throughput
technologies,
large
amounts
of
biological
data
are
 
 
 
 
 
 
 
 
 
 
 
 
 
 
 
 
being
generated
and
made
accessible
to
researchers.
Machine
learning
(ML)
has
been
brought
into
the
 
 
 
 
 
 
 
 
 
 
 
 
 
 
 
spotlight
as
a
very
useful
approach
to
understand
cellular
​
1
​
,
genomic
​
2
​
,
proteomic
​
3
​
,
post-translational
​
4
​
,
 
 
 
 
 
 
 
 
 
 
 
 
metabolic
​
5
and
drug
discovery
data
​
6
with
the
potential
to
result
in
ground-breaking
medical
 
 
 
 
 
 
 
 
 
 
 
 
 
applications
​
7,8
​
.
This
is
clearly
reflected
in
the
corresponding
growth
of
ML
publications
(Figure
1),
 
 
 
 
 
 
 
 
 
 
 
 
 
 
reporting
a
wide
range
of
modelling
techniques
in
biology.
While
every
novel
ML","s
 
 
 
 
 
 
 
 
 
 
 
 
description
for
machine
learning
based
on
data,
optimization,
model,
evaluation
(DOME)
will
aim
to
help
 
 
 
 
 
 
 
 
 
 
 
 
 
 
 
both
reviewers
and
readers
to
better
understand
and
assess
the
performance
and
limitations
of
a
method
 
 
 
 
 
 
 
 
 
 
 
 
 
 
 
 
or
outcome.
The
recommendations
are
formulated
as
questions
to
anyone
wishing
to
pursue
 
 
 
 
 
 
 
 
 
 
 
 
 
implementation
of
a
machine
learning
algorithm.
Answers
to
these
questions
can
be
easily
included
in
the
 
 
 
 
 
 
 
 
 
 
 
 
 
 
 
 
supplementary material of published papers.
 
 
 
Introduction
 
 
With
the
steep
decline
in
the
cost
of
high-throughput
technologies,
large
amounts
of
biological
data
are
 
 
 
 
 
 
 
 
 
 
 
 
 
 
 
 
being
generated
and
made
accessible
to
researchers.
Machine
learning
(ML)
has
been
brought
into
the
 
 
 
 
 
 
 
 
 
 
 
 
 
 
 
spotlight
as
a
very
useful
approach
to
understand
cellular
​
1
​
,
genomic
​
2
​
,
proteomic
​
3
​
,
post-translational
​
4
​
,
 
 
 
 
 
 
 
 
 
 
 
 
metabolic
​
5
and
drug
discovery
data
​
6
with
the
potential
to","in
ground-breaking
medical
 
 
 
 
 
 
 
 
 
 
 
 
 
applications
​
7,8
​
.
This
is
clearly
reflected
in
the
corresponding
growth
of
ML
publications
(Figure
1),
 
 
 
 
 
 
 
 
 
 
 
 
 
 
reporting
a
wide
range
of
modelling
techniques
in
biology.
While
every
novel
ML
method
should
be
 
 
 
 
 
 
 
 
 
 
 
 
 
 
 
 
validated
experimentally,
this
happens
only
in
a
fraction
of
the
publications
​
9
​
.
This
sharp
increase
in
 
 
 
 
 
 
 
 
 
 
 
 
 
 
 
publications
inherently
requires
a
corresponding
increase
in
the
number
and
depth
of
peer-reviews
to
 
 
 
 
 
 
 
 
 
 
 
 
 
 
offer critical assessment
​
10
​
 and improve reproducibility
​
11,12
​
.
 
 
Guidelines
or
recommendations
on
how
to
appropriately
construct
ML
algorithms
can
help
to
ensure
 
 
 
 
 
 
 
 
 
 
 
 
 
 
correct
results
and
predictions
​
13,14
​
.
In
the
biomedical
research
field,
communities
have
defined
standard
 
 
 
 
 
 
 
 
 
 
 
 
 
guidelines
and
best
practices
for
scientific
data
management
​
15
and
reproducibility
of
computational
 
 
 
 
 
 
 
 
 
 
 
 
tools
​
16,17
​
.
On
the
other
hand,
a
demand
exists
in
the
ML
community
for
a
cohesive
and
combined
set
of
 
 
 
 
 
 
 
 
 
 
 
 
 
 
 
 
 
 
 
1
 recommendations
with
respect
to
data,
the
optimization
techniques,
the
final
model,
and
evaluation
 
 
 
 
 
 
 
 
 
 
 
 
 
protocols as a whole.
 
 
 
 
Figure
1.
​
Exponential
increase
of
ML
publications
in
biology.
The
number
of
ML
publications
per
year
is
based
 
 
 
 
 
 
 
 
 
 
 
 
 
 
 
 
 
 
on
Web
of
Science
from
1996
onwards
using
the
“topic”
category
for
“machine
learning”
in
combination
with
each
 
 
 
 
 
 
 
 
 
 
 
 
 
 
 
 
 
 
of
the
following
terms:
“biolog*”,
“medicine”,
“genom*”,
“prote*”,
“cell*”,
“post
translational”,
“metabolic”
and
 
 
 
 
 
 
 
 
 
 
 
 
 
“clinical”.
 
 
Recently,
a
comment
highlighted
the
need
for
standards
in
ML
​
18
​
,
arguing
for
the
adoption
of
 
 
 
 
 
 
 
 
 
 
 
 
 
 
 
on-submission
checklists
​
10
as
a
first
step
towards
improving
publication
standards.
Through
a
 
 
 
 
 
 
 
 
 
 
 
 
community-driven
consensus,
we
propose
a
list
of
minimal
requirements
asked
as
questions
to
ML
 
 
 
 
 
 
 
 
 
 
 
 
 
 
implementers
(Box
1)
that,
if
followed,
will
help
to
assess
the
quality
and
reliability
of
the
proposed
 
 
 
 
 
 
 
 
 
 
 
 
 
 
 
 
 
methods
more
faithfully.
We
have
focused
on
Data,
Optimization,
Model
and
Evaluation
(DOME)
as
 
 
 
 
 
 
 
 
 
 
 
 
 
 
each
component
of
an
ML
implementation
usually
falls
within
one
of
these
four
topics.
Importantly,
no
 
 
 
 
 
 
 
 
 
 
 
 
 
 
 
 
specific
solutions
are
discussed,
only
recommendations
(Table
1)
and
a
checklist
are
provided
(Box
1).
 
 
 
 
 
 
 
 
 
 
 
 
 
 
 
Our
recommendations
are
made
primarily
for
the
case
of
supervised
learning
in
biology
in
the
absence
of
 
 
 
 
 
 
 
 
 
 
 
 
 
 
 
 
 
direct
experimental
validation,
as
this
is
the
most
common
type
of
ML
approach
used.
We
do
not
discuss
 
 
 
 
 
 
 
 
 
 
 
 
 
 
 
 
 
 
how
ML
can
be
used
in
clinical
applications
​
19,20
​
.
It
also
remains
to
be
investigated
if
the
DOME
 
 
 
 
 
 
 
 
 
 
 
 
 
 
 
 
 
recommendations
can
be
extended
to
other
fields
of
ML,
like
unsupervised,
semi-supervised
and
 
 
 
 
 
 
 
 
 
 
 
 
 
reinforcement learning.
 
 
Development of the recommendations
 
 
The
recommendations
outlined
below
were
initially
formulated
through
the
ELIXIR
ML
focus
group
 
 
 
 
 
 
 
 
 
 
 
 
 
after
the
publication
of
a
comment
calling
for
the
establishment
of
standards
for
ML
in
biology
​
18
​
.
 
 
 
 
 
 
 
 
 
 
 
 
 
 
 
 
ELIXIR,
initially
established
in
2014,
is
now
a
mature
intergovernmental
European
infrastructure
for
 
 
 
 
 
 
 
 
 
 
 
 
 
biological
data
and
represents
over
220
research
organizations
in
22
countries
across
many
aspects
of
 
 
 
 
 
 
 
 
 
 
 
 
 
 
 
bioinformatics
​
21
​
.
Over
700
national
experts
participate
in
the
development
and
operation
of
national
 
 
 
 
 
 
 
 
 
 
 
 
 
services
that
contribute
to
data
access,
integration,
training
and
analysis
for
the
research
community.
Over
 
 
 
 
 
 
 
 
 
 
 
 
 
 
 
50
of
these
experts
involved
in
the
field
of
ML
have
established
an
ELIXIR
ML
focus
group
 
 
 
 
 
 
 
 
 
 
 
 
 
 
 
 
 
2
 (
​
https://elixir-europe.org/focus-groups/machine-learning
​
)
which
held
a
number
of
meetings
to
develop
 
 
 
 
 
 
 
 
 
and refine the recommendations based on a broad consensus among them.
 
 
3
 
Broad topic
 
Be on the
 
lookout for
 
Consequences
 
Recommendation(s)
 
Data
 
 
-
Data size &
 
quality
 
 
-
Appropriate
 
partitioning,
 
dependence
 
between train
 
and test data.
 
 
 
-
Class imbalance
 
 
-
No access to
 
data
 
●
Data not
 
representative of
 
domain application.
 
 
●
Unreliable or biased
 
performance
 
evaluation.
 
 
 
●
Cannot check data
 
credibility.
 
Independence of optimization (training) and evaluation
 
(testing) sets. (
​
requirement)
 
 
This is especially important for meta algorithms, where
 
independence of multiple training sets must be shown to be
 
independent of the evaluation (testing) sets.
 
 
 
Release data preferably using appropriate long-term
 
repositories, including exact splits (
​
requirement
​
)
 
 
Sufficient evidence of data size & distribution being
 
representative of the domain
​
. (
​
recommendation
​
)
 
 
Optimization
 
-
Overfitting,
 
underfitting and
 
illegal parameter
 
tuning
 
 
-
Imprecise
 
parameters and
 
protocols given.
 
●
Reported
 
performance too
 
optimistic or too
 
pessimistic.
 
 
●
Models noise or miss
 
relevant
 
relationships.
 
 
●
Results are not
 
reproducible.
 
Clear statement that evaluation sets were not used for feature
 
selection, pre-processing steps or parameter tuning.
 
(
​
requirement
​
)
 
 
Reporting indicators on training and testing data that can aid
 
in assessing the possibility of under/overfitting e.g. train vs.
 
test error. (
​
requirement)
 
 
Release definitions of all algorithmic hyper-parameters,
 
regularization protocols, parameters and optimization
 
protocol. (
​
requirement
​
)
 
 
For neural networks, release definitions of train and learning
 
curves. (
​
recommendation
​
)
 
 
Include explicit model validation techniques, such as N-fold
 
Cross validation. (
​
recommendation
​
)
 
 
Model
 
-
Unclear if black
 
box or
 
interpretable
 
model
 
 
-
No access to:
 
resulting source
 
code, trained
 
models & data
 
 
-
Execution time
 
is impractical
 
●
An interpretable
 
model shows no
 
explainable
 
behaviour
 
 
●
Cannot cross
 
compare methods,
 
reproducibility,  &
 
check data
 
credibility.
 
 
 
●
Model takes too
 
much time to
 
produce results
 
Describe the choice of black box / interpretable model. If
 
interpretable show examples of it doing so. (
​
requirement
​
).
 
 
 
Release of: documented source code + models + executable
 
+ UI/webserver + software containers. (
​
recommendation
​
)
 
 
Report execution time averaged across many repeats. If
 
computationally tough compare to similar methods
 
(
​
recommendation
​
)
 
Evaluation
 
-
Performance
 
measures
 
inadequate
 
 
-
No comparisons
 
to baselines or
 
other methods
 
 
●
Biased performance
 
measures reported.
 
 
 
●
The method is falsely
 
claimed as
 
state-of-the-art.
 
 
 
Compare with public methods & simple models (baselines).
 
(
​
requirement
​
)
 
 
 
Adoption of community validated measures and benchmark
 
datasets for evaluation. (
​
requirement
​
)
 
 
Comparison of related methods and alternatives on the same
 
dataset. (
​
recommendation
​
)
 
 Table
1.
Supervised
ML
in
Biology:
concerns,
the
consequences
they
impart
and
recommendations/requirements
 
 
 
 
 
 
 
 
 
 
 
 
 
(recommendations in 
​
italics
​
 and requirements in 
​
bold
​
). Key terms underlined.
 
 
 
 
Box 1: Structuring a Materials and Methods Section for Supervised Machine Learning
 
 
Here we suggest a list of questions that must be asked about each DOME section to ensure high quality
 
of ML analysis.
 
●
Data
​
: 
​
(this section is to be repeated separately for each dataset)
 
○
Provenance
​
:
What
is
the
source
of
the
data
(database,
publication,
direct
experiment)?
If
 
 
 
 
 
 
 
 
 
 
 
 
 
data
is
in
classes,
how
many
data
points
are
available
in
each
class
e.g.,
total
for
the
 
 
 
 
 
 
 
 
 
 
 
 
 
 
 
 
 
positive
(N
​
pos
​
)
and
negative
(N
​
neg
​
)
cases?
If
regression ,
how
many
real
value
points
are
 
 
 
 
 
 
 
 
 
 
 
 
 
 
there?
Has
the
dataset
been
previously
used
by
other
papers
and/or
is
it
recognized
by
the
 
 
 
 
 
 
 
 
 
 
 
 
 
 
 
 
community?
 
○
Data
splits
​
:
How
many
data
points
are
in
the
training
and
test
sets?
Was
a
separate
 
 
 
 
 
 
 
 
 
 
 
 
 
 
 
 
validation
set
used,
and
if
yes,
how
large
was
it?
Is
the
distribution
of
data
types
in
the
 
 
 
 
 
 
 
 
 
 
 
 
 
 
 
 
 
 
training
and
test
sets
different?
Is
the
distribution
of
data
types
in
both
training
and
test
 
 
 
 
 
 
 
 
 
 
 
 
 
 
 
 
sets plotted?
 
 
○
Redundancy
between
data
splits
​
:
How
were
the
sets
split?
Are
the
training
and
test
sets
 
 
 
 
 
 
 
 
 
 
 
 
 
 
 
independent?
How
was
this
enforced
(e.g.
redundancy
reduction
to
less
than
X%
pairwise
 
 
 
 
 
 
 
 
 
 
 
 
 
identity)? How does the distribution compare to previously published ML datasets?
 
 
○
Availability
of
data
​
:
Is
the
data,
including
the
data
splits
used,
released
in
a
public
forum?
 
 
 
 
 
 
 
 
 
 
 
 
 
 
 
 
If yes, where (e.g. supporting material, URL) and how (license)?
 
 
 
●
Optimization
​
: 
​
(this section is to be repeated separately for each trained model)
 
○
Algorithm
​
:
What
is
the
ML
algorithm
class
used?
Is
the
ML
algorithm
new?
If
yes,
why
is
 
 
 
 
 
 
 
 
 
 
 
 
 
 
 
 
 
it not published in a ML journal, and why was it chosen over better known alternatives?
 
 
○
Meta-predictions
​
:
Does
the
model
use
data
from
other
ML
algorithms
as
input?
If
yes,
 
 
 
 
 
 
 
 
 
 
 
 
 
 
which
ones?
Is
it
completely
clear
that
training
data
of
initial
predictors
and
meta-predictor
 
 
 
 
 
 
 
 
 
 
 
 
 
 
is independent of test data for the meta-predictor?
 
 
○
Data encoding
​
: How was the data encoded and pre-processed for the ML algorithm?
 
○
Parameters
​
: How many parameters (
​
p)
​
 are used in the model? How was 
​
p
​
 selected?
 
○
Features
​
:
How
many
features
(
​
f)
are
used
as
input?
Was
feature
selection
performed?
If
 
 
 
 
 
 
 
 
 
 
 
 
 
 
yes, was it performed using the training set only?
 
 
○
Fitting
​
:
Is
the
number
of
parameters
(
​
p)
much
larger
than
the
number
of
training
points
 
 
 
 
 
 
 
 
 
 
 
 
 
 
 
and/or
is
the
number
of
features
(f)
​
large
(e.g.
in
classification
is
p>>(N
​
pos
​
+N
​
neg
​
)
and/or
 
 
 
 
 
 
 
 
 
 
 
 
 
 
f>100)?
If
yes,
how
was
over-fitting
ruled
out?
Conversely,
if
the
number
of
training
 
 
 
 
 
 
 
 
 
 
 
 
 
 
points
seem
very
much
larger
than
p
and/or
​
f
is
small
(e.g.
N
​
pos
​
+N
​
neg
​
>>p
and/or
f<5)
how
 
 
 
 
 
 
 
 
 
 
 
 
 
 
 
 
was under-fitting ruled out?
 
 
○
Regularization
​
:
were
any
over-fitting
prevention
techniques
performed
(e.g.
early
stopping
 
 
 
 
 
 
 
 
 
 
using a validation set)? If yes, which ones?
 
4
 
-
Highly variable
 
performance.
 
 
●
Unpredictable
 
performance in
 
production.
 
Evaluate performance on a final independent hold-out set.
 
(
​
recommendation
​
)
 
 
Confidence intervals/error intervals and statistical tests to
 
gauge prediction robustness. (
​
requirement
​
)
 
 ○
Availability
of
configuration
​
:
Are
the
hyper-parameter
configurations,
optimization
 
 
 
 
 
 
 
 
schedule,
model
files
and
optimization
parameters
reported
available?
If
yes,
where
(e.g.
 
 
 
 
 
 
 
 
 
 
 
 
URL) and how (license)?
 
 
 
●
Model
​
: 
​
(this section is to be repeated separately for each trained model)
 
○
Interpretability
​
:
Is
the
model
black
box
or
transparent?
If
the
model
is
transparent,
can
you
 
 
 
 
 
 
 
 
 
 
 
 
 
 
 
give clear examples for this?
 
 
○
Output: 
​
Is the model classification or regression?
 
○
Execution
time
​
:
How
much
real-time
does
a
single
representative
prediction
require
on
a
 
 
 
 
 
 
 
 
 
 
 
 
 
standard machine? (e.g. seconds on a desktop PC or high-performance computing cluster)
 
 
○
Availability
of
software
​
:
Is
the
source
code
released?
Is
a
method
to
run
the
algorithm
such
 
 
 
 
 
 
 
 
 
 
 
 
 
 
 
 
as
executable,
web
server,
virtual
machine
or
container
instance
released?
If
yes,
where
 
 
 
 
 
 
 
 
 
 
 
 
 
(e.g. URL) and how (license)?
 
 
 
●
Evaluation
​
:
 
 
○
Evaluation
method
​
:
How
was
the
method
evaluated?
(E.g.
cross-validation,
independent
 
 
 
 
 
 
 
 
 
 
dataset, novel experiments)
 
○
Performance
measures
​
:
Which
performance
metrics
are
reported?
Is
this
set
representative
 
 
 
 
 
 
 
 
 
 
 
(e.g. compared to the literature)?
 
 
○
Comparison
​
:
Was
a
comparison
to
publicly
available
methods
performed
on
benchmark
 
 
 
 
 
 
 
 
 
 
 
datasets? Was a comparison to simpler baselines performed?
 
 
○
Confidence
​
:
Do
the
performance
metrics
have
confidence
intervals?
Are
the
results
 
 
 
 
 
 
 
 
 
 
 
statistically significant to claim that the method is superior to others and baselines?
 
 
○
Availability
of
evaluation
​
:
Are
the
raw
evaluation
files
(e.g.
assignments
for
comparison
 
 
 
 
 
 
 
 
 
 
 
 
and
baselines,
statistical
code,
confusion
matrices)
available?
If
yes,
where
(e.g.
URL)
and
 
 
 
 
 
 
 
 
 
 
 
 
 
how (license)?
 
 
The above description is shown in table format in the Supplementary Material together with two fully
 
worked-out examples.
 
 
 
Scope of the recommendations
 
 
The
recommendations
cover
four
major
aspects
of
supervised
ML
according
to
the
“DOME”
acronym:
 
 
 
 
 
 
 
 
 
 
 
 
 
 
data,
optimization,
model
and
evaluation.
The
key
points
and
rationale
for
each
aspect
of
DOME
is
 
 
 
 
 
 
 
 
 
 
 
 
 
 
 
 
described
below
and
summarized
in
Table
1.
More
importantly,
Box
1
gives
an
actionable
checklist
to
 
 
 
 
 
 
 
 
 
 
 
 
 
 
 
 
implement ML methods, with the actual recommendations codified as questions.
 
 
1.
Data
 
State-of-the-art
ML
models
are
often
capable
of
memorizing
all
the
variation
in
training
data.
Such
 
 
 
 
 
 
 
 
 
 
 
 
 
 
 
models
when
evaluated
on
data
that
they
were
exposed
to
during
training
would
create
an
illusion
of
 
 
 
 
 
 
 
 
 
 
 
 
 
 
 
 
 
mastering
the
task
at
hand.
However,
when
tested
on
an
independent
set
of
data
(termed
test
or
validation
 
 
 
 
 
 
 
 
 
 
 
 
 
 
 
 
 
 
set),
the
performance
would
seem
less
impressive,
suggesting
low
generalization
power
of
the
model.
In
 
 
 
 
 
 
 
 
 
 
 
 
 
 
 
order
to
tackle
this
problem,
initial
data
should
be
divided
randomly
into
non-overlapping
parts.
The
 
 
 
 
 
 
 
 
 
 
 
 
 
 
 
simplest
approach
is
to
have
independent
train
and
test
sets
(possibly
a
third
validation
set).
Alternatively,
 
 
 
 
 
 
 
 
 
 
 
 
 
 
 
 
5
 the
cross-validation
or
bootstrapping
techniques
which
choose
a
new
train/test
split
multiple
times
from
 
 
 
 
 
 
 
 
 
 
 
 
 
 
the available data, is often considered a preferred solution
​
22
​
.
 
 
Overlapping
of
train/test
data
splits
are
particularly
troublesome
to
overcome
in
biology.
For
example,
in
 
 
 
 
 
 
 
 
 
 
 
 
 
 
 
predictions
on
entire
gene
and
protein
sequences
independence
of
train-test
could
be
achieved
by
 
 
 
 
 
 
 
 
 
 
 
 
 
 
reducing
the
amount
of
homologs
in
the
data
​
10,23
​
.
Modelling
enhancer-promoter
contacts
require
a
 
 
 
 
 
 
 
 
 
 
 
 
 
different
criterion,
e.g.,
not
sharing
one
endpoint
​
24
​
.
Modeling
protein
domains
might
require
the
 
 
 
 
 
 
 
 
 
 
 
 
 
multi-domain
sequence
to
be
split
into
its
constituent
domains
before
homology
reduction
​
25
​
.
In
short,
 
 
 
 
 
 
 
 
 
 
 
 
 
 
each
area
of
biology
has
its
own
recommendations
for
handling
overlapping
data
issues
and
previous
 
 
 
 
 
 
 
 
 
 
 
 
 
 
 
literature
is
vital
to
put
forward
a
strategy.
In
Box
1,
we
propose
a
set
of
questions
under
the
section
‘data
 
 
 
 
 
 
 
 
 
 
 
 
 
 
 
 
 
 
 
 
 
splits’ that should help to evaluate potential overlap between train and test data.
 
 
Reporting
statistics
on
the
data
size
and
distribution
of
data
types
can
help
show
if
there
is
a
good
domain
 
 
 
 
 
 
 
 
 
 
 
 
 
 
 
 
 
 
 
 
representation
in
all
sets.
Simple
plots
and/or
tables
showing
the
number
of
classes
(classification),
 
 
 
 
 
 
 
 
 
 
 
 
 
 
histogram
of
real
values
binned
(regression),
the
different
types
of
biological
molecules
in
the
data
are
 
 
 
 
 
 
 
 
 
 
 
 
 
 
 
 
vital
pieces
of
information
for
each
set.
Further,
in
classification,
including
methods
that
address
 
 
 
 
 
 
 
 
 
 
 
 
 
 
imbalanced
classes
​
26,27
are
also
needed
if
the
class
frequencies
show
so.
Models
trained
on
one
dataset
 
 
 
 
 
 
 
 
 
 
 
 
 
 
 
 
may
not
be
successful
in
dealing
with
data
coming
from
adjacent
but
not
identical
datasets,
a
 
 
 
 
 
 
 
 
 
 
 
 
 
 
 
 
phenomenon
known
as
covariance
shift.
The
scale
of
this
effect
has
been
demonstrated
in
several
recent
 
 
 
 
 
 
 
 
 
 
 
 
 
 
 
 
publications,
e.g.
for
prediction
of
disease
risk
from
exome
sequencing
​
28
​
.
Although
up
to
now
the
 
 
 
 
 
 
 
 
 
 
 
 
 
 
 
covariance
shift
remains
an
open
problem,
several
potential
solutions
have
been
proposed
in
the
area
of
 
 
 
 
 
 
 
 
 
 
 
 
 
 
 
 
transfer
learning
​
29
​
.
Moreover,
the
problem
of
training
ML
models
that
can
generalize
well
on
small
 
 
 
 
 
 
 
 
 
 
 
 
 
 
 
training data, usually requires special models and algorithms
​
30
​
.
 
 
Lastly,
it
is
important
to
make
as
much
data
available
for
the
public
as
possible
​
12
​
.
Having
open
access
to
 
 
 
 
 
 
 
 
 
 
 
 
 
 
 
 
 
 
 
the
data
used
for
experiments
including
precise
data
splits
would
ensure
better
reproducibility
of
 
 
 
 
 
 
 
 
 
 
 
 
 
 
published
research
and
as
a
result
will
improve
the
overall
quality
of
published
ML
papers.
If
datasets
are
 
 
 
 
 
 
 
 
 
 
 
 
 
 
 
 
 
 
not
readily
available
for
example
in
public
repositories,
authors
should
be
encouraged
to
find
the
most
 
 
 
 
 
 
 
 
 
 
 
 
 
 
 
 
appropriate
one,
e.g.
ELIXIR
Deposition
databases
or
Zenodo,
to
guarantee
the
long-term
availability
of
 
 
 
 
 
 
 
 
 
 
 
 
 
 
such data.
 
 
2.
Optimization
 
Optimization,
also
known
as
training,
refers
to
the
process
of
changing
values
that
constitute
the
model
 
 
 
 
 
 
 
 
 
 
 
 
 
 
 
 
(parameters
and
hyper-parameters),
including
pre-processing
steps,
in
a
way
that
maximizes
the
model’s
 
 
 
 
 
 
 
 
 
 
 
 
 
ability
to
solve
a
given
problem.
A
poor
choice
of
optimization
strategy
may
lead
to
issues
such
as
over-
 
 
 
 
 
 
 
 
 
 
 
 
 
 
 
 
 
 
 
or
under-fitting
​
31
​
.
A
model
that
has
suffered
severe
over-fitting
will
show
an
excellent
performance
on
 
 
 
 
 
 
 
 
 
 
 
 
 
 
 
training
data,
while
performing
poorly
on
unseen
data,
rendering
it
useless
for
real-life
applications.
On
 
 
 
 
 
 
 
 
 
 
 
 
 
 
 
the
other
side
of
the
spectrum,
under-fitting
occurs
when
very
simple
models
capable
of
ca
​
pturing
only
 
 
 
 
 
 
 
 
 
 
 
 
 
 
 
 
straightforward
dependencies
between
features
are
applied
to
data
of
a
more
complex
nature.
Algorithms
 
 
 
 
 
 
 
 
 
 
 
 
 
 
for
feature
selection
​
32
can
be
employed
to
reduce
the
chances
of
over-fitting.
However,
feature
selection
 
 
 
 
 
 
 
 
 
 
 
 
 
 
 
and
other
pre-processing
actions
come
with
their
own
recommendations.
The
ma
​
in
one
being
to
abstain
 
 
 
 
 
 
 
 
 
 
 
 
 
 
 
from
using
non-training
data
for
feature
selection
and
pre-processing
-
a
particularly
hard
issue
to
spot
for
 
 
 
 
 
 
 
 
 
 
 
 
 
 
 
 
 
meta-predictors, which may lead to an overestimation of performance.
 
 
Finally,
the
release
of
files
showing
the
exact
specification
of
the
optimization
protocol
and
the
type
of
 
 
 
 
 
 
 
 
 
 
 
 
 
 
 
 
 
parameters/hyper-parameters
are
a
vital
characteristic
of
the
final
algorithm.
Lack
of
documentation,
 
 
 
 
 
 
 
 
 
 
 
 
including
limited
accessibility
to
relevant
records
for
the
involved
parameters,
hyper-parameters
and
 
 
 
 
 
 
 
 
 
 
 
 
optimization protocol may further compound the understanding of the overall model performance.
 
 
 
6
  
 
 
Figure
2.
(Top)
Classification
metrics.
​
For
binary
classification,
true
positives
(tp),
false
positives
(fp),
false
 
 
 
 
 
 
 
 
 
 
 
 
 
 
 
negatives
(fn)
and
true
negatives
(tn)
together
form
the
confusion
matrix.
As
all
classification
measures
can
be
 
 
 
 
 
 
 
 
 
 
 
 
 
 
 
 
 
calculated
from
combinations
of
these
four
basic
values,
the
confusion
matrix
should
be
provided
as
a
core
metric.
 
 
 
 
 
 
 
 
 
 
 
 
 
 
 
 
 
 
Several
measures
(shown
as
equations)
and
plots
should
be
used
to
evaluate
the
ML
methods.
For
descriptions
on
 
 
 
 
 
 
 
 
 
 
 
 
 
 
 
 
 
 
how
to
adapt
these
metrics
to
multi-class
problems
see
​
35
​
.
​
(Bottom)
Regression
metrics.
​
ML
regression
attempts
 
 
 
 
 
 
 
 
 
 
 
 
 
 
 
 
to
produce
predicted
values
(p)
matching
experimental
values
(e).
Metrics
(shown
as
equations)
attempt
to
capture
 
 
 
 
 
 
 
 
 
 
 
 
 
 
 
 
the
difference
in
various
ways.
Alternatively,
a
plot
can
provide
a
visual
way
to
represent
the
differences.
It
is
 
 
 
 
 
 
 
 
 
 
 
 
 
 
 
 
 
 
 
advisable to report all in any ML work.
 
 
 
7
  
3.
Model
 
Equally
important
aspects
related
to
ML
models
are
their
interpretability
and
reproducibility.
 
 
 
 
 
 
 
 
 
 
 
 
Interpretable
models
can
infer
causal
relationships
from
the
data
and
can
output
logical
reasoning
for
 
 
 
 
 
 
 
 
 
 
 
 
 
 
 
each
of
its
predictions.
They
are
especially
relevant
in
areas
of
discovery
such
as
drug
design
​
6
and
 
 
 
 
 
 
 
 
 
 
 
 
 
 
 
 
 
diagnostics
​
33
​
.
Conversely,
black
box
models
often
give
accurate
predictions
but
do
not
provide
insight
 
 
 
 
 
 
 
 
 
 
 
 
 
 
into
why
they
made
the
predictions
in
a
way
humans
can
understand.
Both
interpretable
and
black
box
 
 
 
 
 
 
 
 
 
 
 
 
 
 
 
 
 
models
are
discussed
in
more
detail
elsewhere
​
34
​
.
However,
developing
recommendations
on
the
choice
of
 
 
 
 
 
 
 
 
 
 
 
 
 
 
black
box
or
interpretability
cannot
be
made
as
both
have
their
merits
given
certain
situations.
The
main
 
 
 
 
 
 
 
 
 
 
 
 
 
 
 
 
 
recommendation
would
be
that
there
is
a
statement
on
the
model
type,
i.e.
is
it
black
box
or
interpretable
 
 
 
 
 
 
 
 
 
 
 
 
 
 
 
 
 
 
 
(see Box 1), and if it is interpretable it should be a requirement to give clear examples of it doing so.
 
 
Reproducibility
is
a
key
component
to
ensuring
research
outcomes
can
be
further
utilized
and
validated
 
 
 
 
 
 
 
 
 
 
 
 
 
 
 
by
the
wider
community.
Poor
model
reproducibility
extends
beyond
the
documentation
and
reporting
of
 
 
 
 
 
 
 
 
 
 
 
 
 
 
the
involved
parameters,
hyper-parameters
and
optimization
protocol.
Lacking
access
to
the
various
 
 
 
 
 
 
 
 
 
 
 
 
components
of
a
model
(source
code,
model
files,
parameter
configurations,
executables),
as
well
as
 
 
 
 
 
 
 
 
 
 
 
 
 
 
having
steep
computational
requirements
to
execute
the
trained
models
in
the
context
of
generating
 
 
 
 
 
 
 
 
 
 
 
 
 
 
predictions based on new data, can both make reproducibility of the model either limited or impossible.
 
 
 
4.
Evaluation
 
There
are
two
types
of
evaluation
scenarios
in
biological
research.
The
first
is
the
experimental
validation
 
 
 
 
 
 
 
 
 
 
 
 
 
 
 
 
of
the
predictions
made
by
the
ML
model
in
the
laboratory.
This
is
highly
desirable
but
beyond
the
 
 
 
 
 
 
 
 
 
 
 
 
 
 
 
 
 
 
possibilities
of
many
ML
studies.
The
second
is
a
computational
assessment
of
the
model
performance
 
 
 
 
 
 
 
 
 
 
 
 
 
 
 
using
established
metrics.
The
following
deals
with
the
latter
and
there
are
a
few
possible
related
risks
 
 
 
 
 
 
 
 
 
 
 
 
 
 
 
 
 
with computational evaluation.
 
 
Starting
with
the
performance
metrics,
i.e.
the
quantifiable
indicators
of
a
model's
ability
to
solve
the
 
 
 
 
 
 
 
 
 
 
 
 
 
 
 
 
given
task,
there
are
dozens
of
metrics
available
​
35
for
assessing
different
ML
classification
and
regression
 
 
 
 
 
 
 
 
 
 
 
 
 
 
 
problems.
However,
the
plethora
of
options
available,
combined
with
the
domain-specific
expertise
that
 
 
 
 
 
 
 
 
 
 
 
 
 
might
be
required
to
select
the
appropriate
metrics,
can
lead
to
the
selection
of
inadequate
performance
 
 
 
 
 
 
 
 
 
 
 
 
 
 
 
 
measures.
Often,
there
are
critical
assessment
communities
advocating
certain
performance
metrics
for
 
 
 
 
 
 
 
 
 
 
 
 
biological
ML
models,
e.g.
CAFA
​
3
and
CAGI
​
28
​
,
and
it
is
recommended
a
new
algorithm
should
use
ones
 
 
 
 
 
 
 
 
 
 
 
 
 
 
 
 
 
from
the
literature
and
critical
assessments.
In
the
absence
of
literature,
the
ones
shown
in
Figure
2
could
 
 
 
 
 
 
 
 
 
 
 
 
 
 
 
 
 
 
be a starting point.
 
Once
performance
metrics
are
decided,
methods
published
in
the
same
biological
domain
must
be
 
 
 
 
 
 
 
 
 
 
 
 
 
 
cross-compared
using
appropriate
statistical
tests
(e.g.
Student's
t-test)
and
confidence
intervals.
 
 
 
 
 
 
 
 
 
 
 
Additionally,
to
prevent
the
release
of
ML
methods
that
appear
sophisticated
but
perform
no
better
than
 
 
 
 
 
 
 
 
 
 
 
 
 
 
 
 
simpler
algorithms,
baselines
should
be
compared
to
the
‘sophisticated’
method
and
proven
to
be
 
 
 
 
 
 
 
 
 
 
 
 
 
 
statistically inferior (e.g. small vs. deep neural networks).
 
 
 
Open areas and limitations of the proposed recommendations
 
 
 
The
field
of
Machine
Learning
in
biology
is
vast.
As
such,
it
would
be
a
herculean
task
to
identify
 
 
 
 
 
 
 
 
 
 
 
 
 
 
 
 
 
 
 
cross-cutting
recommendations
that
could
be
applicable
to
all
branches
of
ML
across
all
possible
 
 
 
 
 
 
 
 
 
 
 
 
 
 
domains.
Therefore,
this
work
focuses
exclusively
on
supervised
ML
applications,
excluding
 
 
 
 
 
 
 
 
 
 
 
unsupervised
ML,
clinical
applications,
and
individual
implementations
through
pipelines
to
name
a
few.
 
 
 
 
 
 
 
 
 
 
 
 
 
Moreover,
the
primary
goal
of
this
work
is
to
define
requirements
and
best
practices
that
can
be
of
use
in
 
 
 
 
 
 
 
 
 
 
 
 
 
 
 
 
 
 
 
 
the
reviewing
process
and
creation
of
ML-related
papers,
while
remaining
agnostic
as
to
the
actual
 
 
 
 
 
 
 
 
 
 
 
 
 
 
 
8
 underlying
solutions.
The
intent
is
to
trigger
a
discussion
in
the
wider
ML
community
leading
to
future
 
 
 
 
 
 
 
 
 
 
 
 
 
 
 
 
 
work addressing possible solutions.
 
 
Several
key
issues
related
to
reproducibility
(e.g.
data
is
not
published,
data
splits
are
not
reported
and
 
 
 
 
 
 
 
 
 
 
 
 
 
 
 
 
 
model
source
code
with
its
final
parameters
and
hyperparameters
are
not
released)
can
be
aided
by
a
 
 
 
 
 
 
 
 
 
 
 
 
 
 
 
 
 
multitude
of
workflow
systems
that
help
to
ensure
and
automate
multi-step
processes
are
completely
 
 
 
 
 
 
 
 
 
 
 
 
 
 
reproducible
by
tracking
model
parameters
and
exact
versions
of
the
source
code
and
libraries.
Examples
 
 
 
 
 
 
 
 
 
 
 
 
 
 
 
of
commonly
used
workflows
include
Galaxy
​
36
and
Nextflow
​
37
.
Another
​
de
facto
standard
practice
in
 
 
 
 
 
 
 
 
 
 
 
 
 
 
 
software
engineering
is
using
version
control
systems
such
as
Github
to
create
an
online
copy
of
the
 
 
 
 
 
 
 
 
 
 
 
 
 
 
 
 
 
source
code,
which
can
also
include
parameters
and
documentation.
Similar
version
control
systems
exist
 
 
 
 
 
 
 
 
 
 
 
 
 
 
for
datasets.
Public
repositories
can
store
experimental
data
on
demand
for
significant
amounts
of
time,
 
 
 
 
 
 
 
 
 
 
 
 
 
 
 
enabling
a
long-term
reproducibility
of
the
experiment.
Existing
software
engineering
tools
can
be
easily
 
 
 
 
 
 
 
 
 
 
 
 
 
 
used to address many of the DOME recommendations.
 
 
Although
having
additional,
more
topic-specific
recommendations
in
the
future
will
undoubtedly
be
 
 
 
 
 
 
 
 
 
 
 
 
useful,
in
this
work
we
aim
to
provide
a
first
version
that
could
be
of
general
interest.
Adapting
the
 
 
 
 
 
 
 
 
 
 
 
 
 
 
 
 
 
 
 
DOME
recommendations
to
address
the
unique
aspects
of
specific
topics
and
domains,
would
be
a
task
of
 
 
 
 
 
 
 
 
 
 
 
 
 
 
 
 
 
those
particular
(sub-)communities.
For
example,
having
guidelines
for
data
independence
is
tricky
 
 
 
 
 
 
 
 
 
 
 
 
because
each
biological
domain
has
its
own
set
of
guidelines
for
this.
Nonetheless,
we
believe
it
is
 
 
 
 
 
 
 
 
 
 
 
 
 
 
 
 
 
relevant
to
at
least
have
a
recommendation
that
authors
describe
how
they
achieved
data
split
 
 
 
 
 
 
 
 
 
 
 
 
 
 
 
independence.
Discussions
on
the
correct
independence
strategies
are
needed
for
all
of
biology.
​
Given
 
 
 
 
 
 
 
 
 
 
 
 
 
 
constructive
consultation
processes
with
ML
communities,
relying
on
our
own
experience,
it
is
our
belief
 
 
 
 
 
 
 
 
 
 
 
 
 
 
 
that
our
manuscript
can
be
useful
as
a
first
iteration
of
the
recommendations
for
supervised
ML
in
 
 
 
 
 
 
 
 
 
 
 
 
 
 
 
 
 
biology
​
.
This
will
have
the
additional
benefit
of
kickstarting
the
community
discussion
with
a
coherent
 
 
 
 
 
 
 
 
 
 
 
 
 
 
 
but
rough
set
of
goals,
thus
facilitating
the
overall
engagement
and
involvement
of
key
stakeholders.
For
 
 
 
 
 
 
 
 
 
 
 
 
 
 
 
 
instance,
topics
to
be
addressed
by
(sub-)communities
is
how
to
adapt
DOME
to
entire
pipelines,
 
 
 
 
 
 
 
 
 
 
 
 
 
 
 
unsupervised,
semi-supervised,
reinforcement,
and
other
types
of
ML.
E.g.
in
unsupervised
learning,
the
 
 
 
 
 
 
 
 
 
 
 
 
 
evaluation
metrics
shown
in
Figure
2
would
not
apply
and
a
completely
new
set
of
definitions
are
needed.
 
 
 
 
 
 
 
 
 
 
 
 
 
 
 
 
 
 
Another
considerable
debate,
as
AI
becomes
more
commonplace
in
society,
is
that
ML
algorithms
differ
 
 
 
 
 
 
 
 
 
 
 
 
 
 
 
in
their
ability
to
explain
learned
patterns
back
to
humans.
Humans
naturally
prefer
actions
or
predictions
 
 
 
 
 
 
 
 
 
 
 
 
 
 
 
 
to
be
made
with
reasons
given.
This
is
the
black
box
vs.
interpretability
debate
and
we
point
those
 
 
 
 
 
 
 
 
 
 
 
 
 
 
 
 
 
 
interested to excellent reviews as a starting point for thoughtful discussions
​
38–41
​
.
 
Finally,
we
address
the
governance
structure
by
suggesting
a
community-managed
governance
model
 
 
 
 
 
 
 
 
 
 
 
 
similar
to
the
open-source
initiatives
​
42
​
.
Community
managed
governance
has
been
used
in
initiatives
such
 
 
 
 
 
 
 
 
 
 
 
 
 
 
as
MIAME
​
43
or
the
PSI-MI
format
​
44
​
.
This
sort
of
structure
ensures
continuous
community
consultation
 
 
 
 
 
 
 
 
 
 
 
 
 
 
and
improvement
of
the
recommendations
in
collaboration
with
academic
(CLAIRE,
see:
 
 
 
 
 
 
 
 
 
 
 
https://claire-ai.org/)
and
industrial
networks
(Pistoia
Alliance,
see:
https://www.pistoiaalliance.org/).
 
 
 
 
 
 
 
 
More
importantly,
this
can
be
applied
in
particular
to
ML
(sub-)communities
working
with
specific
 
 
 
 
 
 
 
 
 
 
 
 
 
 
problems
requiring
more
detailed
guidelines,
e.g.
imaging
or
clinical
applications.
We
have
set
up
a
 
 
 
 
 
 
 
 
 
 
 
 
 
 
 
website
(URL:
https://www.dome-ml.org/)
to
provide
a
platform
for
governance
and
community
 
 
 
 
 
 
 
 
 
 
 
involvement
around
the
DOME
recommendations,
where
news
and
upcoming
events
will
be
posted.
As
 
 
 
 
 
 
 
 
 
 
 
 
 
 
the
recommendations
and
minimal
requirements
evolve
over
time,
a
version
history
will
be
available
on
 
 
 
 
 
 
 
 
 
 
 
 
 
 
 
the
website.
The
template
methods
section
in
human
(e.g.
DOC)
and
machine
readable
format
(YAML),
 
 
 
 
 
 
 
 
 
 
 
 
 
 
 
as
well
as
software
for
the
automatic
conversion
of
a
YAML
file
into
a
human
readable
one
are
available
 
 
 
 
 
 
 
 
 
 
 
 
 
 
 
 
 
 
 
from a dedicated GitHub repository (URL: https://github.com/MachineLearning-ELIXIR/dome-ml)."
Learning_Curves_for_Decision_Making_in_Supervised_Machine_Learning_A_Survey.pdf,"Learning curves are a concept from social sciences that has been adopted
in the context of machine learning to assess the performance of a learn-
ing algorithm with respect to a certain resource, e.g., the number of
training examples or the number of training iterations. Learning curves
have important applications in several machine learning contexts, most
notably in data acquisition, early stopping of model training, and model
selection. For instance, learning curves can be used to model the per-
formance of the combination of an algorithm and its hyperparameter
configuration, providing insights into their potential suitability at an
early stage and often expediting the algorithm selection process. Var-
ious learning curve models have been proposed to use learning curves
for decision making. Some of these models answer the binary deci-
sion question of whether a given algorithm at a certain budget will
outperform a certain reference performance, whereas more complex mod-
els predict the entire learning curve of an algorithm. We contribute a
framework that categorises learning curve approaches using three cri-
teria: the decision-making situation they address, the intrinsic learning
curve question they answer and the type of resources they use. We
survey papers from the literature and classify them into this framework.
Keywords: learning curves, supervised machine learning
1arXiv:2201.12150v2  [cs.LG]  28 Jan 2025Springer Nature 2021 L ATEX template
2 Learning Curves for Decision Making
1","Learning curves describe a system’s performance on a task as a function of
some resource to solve that task. There can be a pre-defined budget of that
resource, limiting the amount of resources that can be spent. In other cases, the
goal can be to obtain reasonable results while minimising the spent budget of
that resource. Typical types of budgets are the number of examples the learner
has observed before performing the task or the number of iterations ortime
the learner spends in an environment. The performance measure expresses the
quality of the obtained model, e.g., error rate or F1 measure. Learning curves
are an important source of information for making decisions on the following
matters in machine learning:
•Data Acquisition determines how many data points should reasonably be
acquired to obtain a desired performance. The top right plot in Fig. 1 visu-
alises a scenario where we have already observed performance up to a certain
amount of data (the blue learning curve). We can extrapolate this and make
a prediction of what the performance would be if more data was available,
i.e., the value of the orange extrapolation at different vertical pink lines in
the figure (see, e.g., Last, 2009; Weiss and Tian, 2008).
•Early Stopping of training a model. If we are committed to some specific
learner (a learning algorithm andits hyperparameters), we might want to
minimise the training time (John and Langley, 1996; Provost et al, 1999)
or avoid over-fitting (Bishop, 1995; Goodfellow et al, 2016). The middle
right plot in Fig. 1 visualises a scenario where we have already observed
performance up to a certain amount of budget, and based on the progression
of the learning curves on recent iterations, a decision can be made whether
to continue the learning or terminate it.
•Early Discarding in model selection. If we want to select from various mod-
els, we want to stop the evaluation of a candidate when we are reasonably
certain that it is not competitive to the best-known solution (Domhan et al,
2015; Mohr and van Rijn, 2023; Swersky et al, 2014). The bottom right plot
of Fig. 1 visualises a scenario where we have already observed performance
up to a certain amount of budget (the blue learning curve) and already
an incumbent performance obtained by an earlier configuration (horizon-
tal dashed pink line). By using learning curve extrapolation techniques, we
can determine whether the current configuration can surpass the incumbent
configuration; if not, discarding the current training process early (as in the
case shown) would be justified.
Many techniques with varying complexity and required resources have been
proposed to address either of these problems. The complexity ranges from
approaches that simply recognise whether an already observed part of a learn-
ing curve has converged (Bishop, 1995; Provost et al, 1999) to the creation
of parametric learning curve models, which capture a belief model for the
behaviour of various learners at any possible budget (Klein et al, 2017b). While
simple approaches may only rely on the observations made so far for a learnerSpringer Nature 2021 L ATEX template
Learning Curves for Decision Making 3
Fig. 1 : The three types of decision-making situations in which learning curves
are typically used. The x-axis of each figure represents the budget in the appli-
cable unit, and the y-axis represents the performance.
on the dataset of interest, more complex approaches may rely on additional
resources such as learning curves or features of other datasets (see, e.g., Leite
and Brazdil, 2010) or learners (see, e.g., Chandrashekaran and Lane, 2017) or
both (see, e.g., Ruhkopf et al, 2023).
Our contribution is a unified framework of the usage of learning curves for
decision making in machine learning and an extensive review of the literature
of approaches that fall within this framework. This framework categorises the
existing literature along the following three axes:
1. The type of decision-making situation, i.e., whether it is used to make
decisions about data acquisition, early stopping, or early discarding. See
Sec. 4.1 for more details.
2. The type of technical question that can be answered with an approach,
e.g., some approaches can only answer the binary question whether a
model has converged, whereas other approaches are able to answer ques-
tions about the behaviour of any part of the learning curve. See Sec. 4.2
for more details.
3. The data resources that are used to model the learning curve. For exam-
ple, in some cases, data from different algorithms on the same dataset
is being used, whereas in other cases, data from the same algorithm on
other datasets. See Sec. 4.3 for more details.
We perform an extensive literature survey in which we categorise published
learning curve extrapolation models along the various axes of this framework.
This literature survey is subject of Sec. 5, which is then summarised in Table 1.
We focus specifically on supervised machine learning, in which learning curves
describe the predictive performance of a model produced by a learning algo-
rithm either as a function of the number of training instances or of the time or
iterations spent for learning on a given dataset. We explicitly exclude learningSpringer Nature 2021 L ATEX template
4 Learning Curves for Decision Making
curves that describe the performance of a learning agent in an environment
over time, i.e., the learning curve of an agent in a reinforcement learning
setup (Waltz and Fu, 1965). Similarly, we briefly contrast learning curves to
other performance curves, such as active learning curves, feature curves, and
capacity curves, and explain why we consider these out of scope for the litera-
ture review. Still, we aim to survey exhaustively the literature that introduces
approaches that use learning curves in supervised learning.
Contributions:
Our contributions are the following.
•We present a unified framework of the usage of learning curves for decision
making in machine learning and an extensive review of the literature on
approaches that fall within this framework. This framework contains three
axes, i.e., (i) the type of decision-making situation, see also Fig. 1 (ii) the
type of question that can be answered, see also Fig. 10 and (iii) the data
resources that are used to model the learning curve, see also Fig. 11. While
the first axis of this framework is also used in other literature (see, e.g.,
Viering and Loog, 2023), to the best of our knowledge, the other two axes
have not yet been explicitly identified.
•We conducted a literature survey in which we categorise","s presented
in the literature along the various axes of this framework. Sec. 5 lists all
these methods (where each subsection represents a type of question being
answered), and Table 1 overviews all methods along the three axes of our
framework.
•Based on the framework, we identify unexplored routes for further research.
Most notably, we note that there is a mismatch between the research ques-
tions being answered and the learning curve modelling method being used;
in many cases, a high-level modelling technique is used to answer a low-
level question. We speculate that matching the level of the question being
answered with the appropriate level of the modelling technique can further
improve the obtained","s while minimising the spent budget of
that resource. Typical types of budgets are the number of examples the learner
has observed before performing the task or the number of iterations ortime
the learner spends in an environment. The performance measure expresses the
quality of the obtained model, e.g., error rate or F1 measure. Learning curves
are an important source of information for making decisions on the following
matters in machine learning:
•Data Acquisition determines how many data points should reasonably be
acquired to obtain a desired performance. The top right plot in Fig. 1 visu-
alises a scenario where we have already observed performance up to a certain
amount of data (the blue learning curve). We can extrapolate this and make
a prediction of what the performance would be if more data was available,
i.e., the value of the orange extrapolation at different vertical pink lines in
the figure (see, e.g., Last, 2009; Weiss and Tian, 2008).
•Early Stopping of training a model. If we are committed to some specific
learner (a learning algorithm andits hyperparameters), we might want to
minimise the training time (John and Langley, 1996; Provost et al, 1999)
or avoid over-fitting (Bishop, 1995; Goodfellow et al, 2016). The middle
right plot in Fig. 1 visualises a scenario where we have already observed
performance up to a certain amount of budget, and based on the progression
of the learning curves on recent iterations, a decision can be made whether
to continue the learning or terminate it.
•Early Discarding in model selection. If we want to select from various mod-
els, we want to stop the evaluation of a candidate when we are reasonably
certain that it is not competitive to the best-known solution (Domhan et al,
2015; Mohr and van Rijn, 2023; Swersky et al, 2014). The bottom right plot
of Fig. 1 visualises a scenario where we have already observed performance
up to a certain amount of budget (the blue learning curve) and already
an incumbent performance obtained by an earlier configuration (horizon-
tal dashed pink line). By using learning curve extrapolation techniques, we
can determine whether the current configuration can surpass the incumbent
configuration; if not, discarding the current training process early (as in the
case shown) would be justified.
Many techniques with varying complexity and required resources have been
proposed to address either of these problems. The complexity ranges from
approaches that simply recognise whether an already observed part of a learn-
ing curve has converged (Bishop, 1995; Provost et al, 1999) to the creation
of parametric learning curve models, which capture a belief model for the
behaviour of various learners at any possible budget (Klein et al, 2017b). While
simple approaches may only rely on the observations made so far for a learnerSpringer Nature 2021 L ATEX template
Learning Curves for Decision Making 3
Fig. 1 : The three types of decision-making situations in which learning curves
are typically used. The x-axis of each figure represents the budget in the appli-
cable unit, and the y-axis represents the performance.
on the dataset of interest, more complex approaches may rely on additional
resources such as learning curves or features of other datasets (see, e.g., Leite
and Brazdil, 2010) or learners (see, e.g., Chandrashekaran and Lane, 2017) or
both (see, e.g., Ruhkopf et al, 2023).
Our contribution is a unified framework of the usage of learning curves for
decision making in machine learning and an extensive review of the literature
of approaches that fall within this framework. This framework categorises the
existing literature along the following three axes:
1. The type of decision-making situation, i.e., whether it is used to make
decisions about data acquisition, early stopping, or early discarding. See
Sec. 4.1 for more details.
2. The type of technical question that can be answered with an approach,
e.g., some approaches can only answer the binary question whether a
model has converged, whereas other approaches are able to answer ques-
tions about the behaviour of any part of the learning curve. See Sec. 4.2
for more details.
3. The data resources that are used to model the learning curve. For exam-
ple, in some cases, data from different algorithms on the same dataset
is being used, whereas in other cases, data from the same algorithm on
other datasets. See Sec. 4.3 for more details.
We perform an extensive literature survey in which we categorise published
learning curve extrapolation models along the various axes of this framework.
This literature survey is subject of Sec. 5, which is then summarised in Table 1.
We focus specifically on supervised machine learning, in which learning curves
describe the predictive performance of a model produced by a learning algo-
rithm either as a function of the number of training instances or of the time or
iterations spent for learning on a given dataset. We explicitly exclude learningSpringer Nature 2021 L ATEX template
4 Learning Curves for Decision Making
curves that describe the performance of a learning agent in an environment
over time, i.e., the learning curve of an agent in a reinforcement learning
setup (Waltz and Fu, 1965). Similarly, we briefly contrast learning curves to
other performance curves, such as active learning curves, feature curves, and
capacity curves, and explain why we consider these out of scope for the litera-
ture review. Still, we aim to survey exhaustively the literature that introduces
approaches that use learning curves in supervised learning.
Contributions:
Our contributions are the following.
•We present a unified framework of the usage of learning curves for decision
making in machine learning and an extensive review of the literature on
approaches that fall within this framework. This framework contains three
axes, i.e., (i) the type of decision-making situation, see also Fig. 1 (ii) the
type of question that can be answered, see also Fig. 10 and (iii) the data
resources that are used to model the learning curve, see also Fig. 11. While
the first axis of this framework is also used in other literature (see, e.g.,
Viering and Loog, 2023), to the best of our knowledge, the other two axes
have not yet been explicitly identified.
•We conducted a literature survey in which we categorise methods presented
in the literature along the various axes of this framework. Sec. 5 lists all
these methods (where each subsection represents a type of question being
answered), and Table 1 overviews all methods along the three axes of our
framework.
•Based on the framework, we identify unexplored routes for further research.
Most notably, we note that there is a mismatch between the research ques-
tions being answered and the learning curve modelling method being used;
in many cases, a high-level modelling technique is used to answer a low-
level question. We speculate that matching the level of the question being
answered with the appropriate level of the modelling technique can further
improve the obtained results.
Relation to other literature reviews on learning curves:
Another prominent literature review that centres around learning curves is
the highly complementary work by Viering and Loog (2023), which has been
developed in parallel. While both works have identified the three types of
decision-making situations that are referred to in the literature, Viering and
Loog (2023) survey more theoretical work that analyses the shape of learning
curves, whereas this work surveys work that is more oriented towards methods
that extrapolate learning curves, thereby supporting the data scientists in
various decision-making situations.
Structure:
This paper is structured into three main parts. Sec. 2 presents relevant back-
ground knowledge on learning curves, including formal definitions and theSpringer Nature 2021 L ATEX template
Learning Curves for Decision Making 5
terminology relevant for the remainder. Sec. 3 presents relevant important con-
cepts that relate to how learning curves are generally modelled. Sec. 4 contains
our main contribution by introducing our framework for categorising methods
that utilise learning curves for decision making in supervised learning. Follow-
ing this framework, Sec. 5 exhaustively reviews approaches that explicitly or
implicitly answer questions related to learning curves to make or recommend
decisions in the context of supervised machine learning. Sec. 6 concludes our
findings. Finally, Appendix A presents a table that overviews the most critical
notation used throughout this paper.
2 Background on Learning Curves
This section gives a conceptual background on learning curves. It first provides
an idealised formal definition in Sec. 2.1 followed by a definition of empirical
learning curves in Sec. 2.2 that can be computed in practice. The concept of
utility curves is introduced in Sec. 2.3. Sec. 2.4 introduces important terminol-
ogy such as anchor points ,limit performance , and the saturation point . Finally,
Sec. 2.5 contrasts the learning curves covered in this survey with other types
of performance curves used in machine learning.
2.1 Sample-Wise and Iteration-Wise Learning Curves
We consider learning curves in the context of supervised machine learning.
Formally, in the supervised learning context, we assume some instance space
Xand a label space Y. Adataset d ⊂ {(x, y)|x∈ X, y∈ Y} is afinite
relation between the instance space and the label space. We denote as Dthe
set of all possible datasets. A learning algorithm is a function a:D ×Ω→H,
where H={h|h:X → Y} is the space of hypotheses and Ω is a source of
randomness.
Note that learning curves can also be considered in other machine learning
setups. In fact, learning curves appeared first in reinforcement learning (Waltz
and Fu, 1965) and have also been used for unsupervised learning (Meek et al,
2002). However, to give this survey focus, we consider learning curves for
supervised learning.
The performance of a hypothesis is typically expressed as risk, which is
also often called out-of-sample error :
Rout(h) =Z
X,Yloss(y, h(x))dPX×Y. (1)
Here, loss(y, h(x))∈Ris the penalty for predicting h(x) for instance x∈ X
when the true label is y∈ Y, and PX×Y is a joint probability measure on
X × Y from which the available dataset dhas been generated. As such, the
out-of-sample error represents the weighted summed error that hypothesis h
makes on all possible instance-label pairs, weighted by their probabilities.Springer Nature 2021 L ATEX template
6 Learning Curves for Decision Making
The performance of a learning algorithm is simply the performance of the
hypothesis it produces. In contrast to the performance of a hypothesis, the
performance of a learner depends on its input, i.e., on the data provided for
learning. The average performance of learner afor a number nof training
examples can then be expressed as
C(a,n) =Z
ω∈Ω,dtr∈D,|dtr|=nRout(a(dtr, ω))dPX×YdPΩ, (2)
where dtr∈ Dis the dataset of size nused to induce a model using learner a.
It is generally assumed that dis a collection of i.i.d. samples from PX×Y.
When we consider Eq. (2) as a function of the number of training samples
for a fixed learner a, we obtain the sample-wise curve of learner a. That is,
the sample-wise curve is the function C(a,·) :N→R; so it is a sequence of
performances, one for each training size. Fig. 2 (left) visualises this by means
of the green line and compares this to two other types of learning curves with
the error rate as the loss (see Sec. 2.5).
Alternatively, many learning algorithms implement an iterative internal
optimisation process, which allows describing the learning progress over time
or a number of iterations. For example, neural network training produces a
new hypothesis after every batch or epoch, ensemble learners like bagging
or boosting produce a new hypothesis after every added ensemble member,
and support vector machine optimizers yield updated attribute or instance
coeffients in iteration. In the formal framework, a learner can be seen more
generally as a function a:D ×Ω→H+that maps a dataset to a sequence of
hypotheses, one for each of its iterations. The above error function for learners
can then be written as
C(a,n,t) =Z
ω∈Ω,dtr∈D,|dtr|=nRout(a(dtr, ω)t)dPX×YdPΩ, (3)
Here, texpresses some budget, for example, time or a number of iterations
over the dataset, often expressed in epochs.
Based on this notion, the iteration-wise curve of a learner ais defined for a
fixed dataset size n(often between 70% and 90% of the available data) and is
then the function C(a,n,·) :N→R. Fig. 2 (right) visualises an example of two
iteration-wise curves. It can be seen that these iteration-wise curves are also
influenced by the number of samples. The sample-wise curve in this example
(visualised by the dashed line) is assumed to utilise the maximal number of
iterations. Examples of such learning curves occur above all in the analysis of
deep learning models (Domhan et al, 2015; Goodfellow et al, 2016).
The two types of learning curves seem to be related and indeed look simi-
lar when visualised, but they have different semantics. The crucial difference is
that iteration-wise curves are usually visualized for a fixed and finite number
of training samples (expressed by n), no matter how large tbecomes. In fact,Springer Nature 2021 L ATEX template
Learning Curves for Decision Making 7
sample sizeerror rate
iterations/timeerror rateSample-W ise Learning Curve Iteration-W ise Learning Curve
num featureserror rateFeature Curve
model capacityerror rateCapacity Curve
budgetUtility Curve
sample-
optimized curvestream curve
sample sizeerror rate
iterations/timeerror rateSample-W ise Learning Curve Iteration-W ise Learning Curve
num featureserror rateFeature Curve
model capacityerror rateCapacity Curve
budgetUtility Curve
sample-
optimized curvestream curve
Fig. 2 : Left: (Standard) sample-wise curve (green) for a single learner on a
particular data source together with learning curves under sample optimisation
(pink) and learning curves on streams (blue). Right: iteration-wise curves of a
single learner on a particular data source for two different dataset sizes n1< n2.
since iterative learners typically automatically stop the learning process as
soon as no progress is observed, it often holds that C(a,n) = lim t→∞C(a,n,t).
But this is not necessarily the case, specifically if an algorithm stops early
(in the iteration-wise curve), e.g., to avoid over-fitting (as the neural net-
work in Fig. 3). Note that as tgrows, each training instance is considered
an unlimited number of times; hence, iteration-wise curves show how much
the learner can make out of a constant number of training instances. Instead,
sample-wise curves show the performance of the learner as the number of exam-
ples grows. The latter typically means, for an infinite input space, that the
information basis available to the learner is growing strictly bigger, while the
information is constant in the case of iteration-wise curves.
Note that while the learning success can be expressed in a metric that
ought to be maximised or minimised, in this paper we assume for simplic-
ity that they are to be minimised. This is why the performance is expressed
through a losssuch as the error rate. In this case, learning curves are (usually)
decreasing . However, more generally, one can also be interested in increas-
inglearning curves, e.g., when considering accuracy or the F1 measure. Since
learning curves can be simply mirrored at the x-axis, every approach discussed
in this paper is applicable to both increasing or decreasing learning curves.
For simplicity, this survey assumes that lower performance values are better
(error rate, log-loss/cross-entropy, Brier score, mean-square-error, etc.).
2.2 Empirical Learning Curves
The above definitions of learning curves are purely theoretical. This is because
we cannot evaluate equations (1-3) in practice. First, the out-of-sample error
Rout, i.e., Eq. (1) cannot be computed in practice since the measure PX×Y is
unknown. Relying on this error, the learning curve values cannot be computed
either. The necessity to average over the oftentimes uncountable set of all
possible train sets can add additional problems.Springer Nature 2021 L ATEX template
8 Learning Curves for Decision Making
0 1000 2000 3000
Sizenof the training set dtr0.1250.1500.1750.200error rateEmpirical Sample-Wise Learning Curves
RF
NN
SVM
0 50 100 150 200 250
Iterationt(trees/epochs/optimization iterations)error rateEmpirical Iteration-Wise Learning Curves
RF
NN
SVM
Fig. 3 : Empirical learning curves for the waveform dataset. Left:
sample-wise curves at different training set sizes up to 80% of the data. The
remaining 20% are used to compute the error. Right: iteration-wise curves
with one entry for each forest size (RF), epoch (NN), or optimization iteration
(SVM) when a fixed set of 80% of the available data is used in each iteration
for training and the rest to compute the error.
To compute learning curves in practice, we rely on empirical estimates of
the above quantities. We estimate the out-of-sample error by the internal error :
Rin(h) =1
|d|X
(x,y)∈dloss(y, h(x)), (4)
where dis the dataset used for assessing the performance of hypothesis h.
Note that the dataset dmay or may not contain instances used to create the
hypothesis h. In most practical applications, dataset dconsists of instances
that have not been seen during the creation of hypothesis h(i.e., the test set).
However, in theory, the internal error can also be estimated based on the train
setdtror a combination of instances from the train set and test set.
We consider an empirical learning curve any set of estimates of a true
learning curve for different sizes or iterations. We can use various estima-
tion procedures to estimate the performance using a given training size, such
as using a regular holdout set or cross-validation. The latter leads to vari-
ous estimates, and averaging over these estimates yields an estimate of the
sample-wise curve in Eq. (2) at size n. To obtain an empirical estimate of the
iterative learning curve in Eq. (3), we do the same except that we stop the
learning algorithm after titerations.
Fig. 3 shows empirical learning curves for a Random Forest (RF), a Neural
Network (NN) with 100 neurons in a hidden layer, an a support vector machine
(SVM) with RBF kernel on a concrete and widely used benchmark dataset (the
waveform dataset). The empirical curves are the scatter points; the lines here
are only a visual aid. The error rate is here obtained from a single validation
fold, i.e., without averaging, which explains the rather unsmooth behavior.
The iteration-wise curves were created using 80% of the data for training.
Since empirical learning curves are the only way to gain insights about true
learning curves, quite some studies have been published with the sole goal ofSpringer Nature 2021 L ATEX template
Learning Curves for Decision Making 9
sharing empirical learning curves with the community and thereby improv-
ing the understanding of how they behave. Perlich et al (2003) contrast the
learning curves on decision trees and logistic regression on different datasets.
Notably, the authors also compare learning curves, e.g., they report whether
one curve is below the other (dominates it) on all considered training set sizes
or whether the two learning curves cross. Several other studies report learning
curves for specific learners. Ng and Jordan (2001) compare logistic regression
and naive Bayes. Mørch et al (1997) conduct a study similar to the one by
Perlich et al (2003) to compare linear vs. non-linear classifiers on a smaller
scale. Recently, a number of learning curve databases have been published,
i.e., learning curves of different network architectures on typical image classi-
fication datasets (Bornschein et al, 2020; Dong and Yang, 2020; Siems et al,
2020), learning curves of different machine learning algorithms on tabular data
(Mohr et al, 2022), and for mixtures of these tasks (Eggensperger et al, 2021;
Pfisterer et al, 2022).
Empirical studies of this type do not answer generalising questions about
learning curves but rather report experimental results. This is different from
contributions in which certain model assumptions are made and data is com-
pared to those models, e.g., with the aim to compute the goodness of fit of
that model. In Sec. 3, we briefly discuss some of such models.
2.3 Utility Curves
The concept of learning curves can be further generalised to a utility
curve (Last, 2007, 2009; Weiss and Tian, 2008). The utility usually involves
a trade-off between the performance and the computational cost of training a
model. The specific details can be different per task. The utility is connected
to the learning curve in so far as the utility is also a function of the budget
and is directly influenced by the predictive performance. Therefore, one could
argue that the utility curve Uis obtained by passing the learning curve to
the utility function alongside other parameters that influence the utility, most
notably the cost of acquiring new instances and the cost to train a model on
the respective dataset size. The learning curves associated with utility costs
are visualised in Fig. 4 (orange) and compared to a normal learning curve.
Assuming there is a linear cost associated with further training the classifier,
we can see that the utility curve (which makes a trade-off between performance
and cost) peaks at a given point, and deteriorates afterwards.
2.4 Terminology of Learning Curves
While this survey is not primarily about the shapes of learning curves, the
shapes of learning curves play an important role when using them to make deci-
sions. Hence, we consider it necessary to convey some of the most important
insights about the basics of the shapes of learning curves. However, we refer to
a recent exhaustive survey on the shapes of learning curves (Viering and Loog,
2023) for details on this topic. Fig. 5 visualises some important concepts.Springer Nature 2021 L ATEX template
10 Learning Curves for Decision Making
sample sizeerror rate
iterations/timeerror rateSample-W ise Learning Curve Iteration-W ise Learning Curve
num featureserror rateFeature Curve
model capacityerror rateCapacity Curve
budgetUtility Curve
sample-
optimized curvestream curve
Fig. 4 : A utility curve with the corresponding learning curve.
Anchor Points
In this survey, we adopt the term anchor to refer to a point for which the
empirical learning curve carries a performance estimate. There is no established
name for such points in literature. They are called sample sizes in (John and
Langley, 1996; Leite and Brazdil, 2007; Provost et al, 1999), and those authors
refer to a collection of such samples sizes as a schedule (Figueroa et al, 2012;
John and Langley, 1996; Meek et al, 2002; Provost et al, 1999). However, for
iteration-wise curves, the term ‘sample’ is misleading because the curve plots
performance against the number of times all instances (out of a fixed set) are
presented to the learner, which is not the same as sample size. Besides, the term
sample size is quite overloaded in the context of machine learning, because this
field deals with various types of samples in different contexts, e.g., train and
validation samples, etc. Another terminology observed sometimes is the one
ofsample landmarks (F¨ urnkranz and Petrak, 2001; Leite and Brazdil, 2005).
However, this term is also slightly confusing, since landmarks are generally
understood as the performances of cheap-to-evaluate learners, which was also
the motivation for this terminology by F¨ urnkranz and Petrak (2001). A less
used terminology is the term anchor (Kielh¨ ofer et al, 2024; Kolachina et al,
2012; Mohr and van Rijn, 2021, 2023), which is not ambiguous in the machine
learning context and captures the idea that analysis is based on some selected
points. It serves well to immediately create an association with a particular
size of a sampled training data set or a number of visited instances that is
used in the context of building an empirical learning curve.
Throughout this paper, we formally use the symbol bto refer to an
anchor. Thereby, we abstract away from sample sizes nor iteration t. In other
words, the symbol bis used to indicate points on both sample-wise curves or
iteration-wise curves, and it should be clear from the context which one is
meant (if the difference is relevant).
For example, in Fig. 3 above, we have the following anchors. For the
sample-wise curve, a geometric schedule with n∈ {⌈ 2i/2⌉ |i∈N}is cho-
sen. In this concrete case, the anchors are {1, 2, 3, 4, 6, 8, 12, 16, 23, 32,
46, 64, 91, 128, 182, 256, 363, 512, 725, 1024, 1449, 2048, 2897, 3750 }. In the
iteration-wise curve, every iteration is used as an anchor, so t∈ {1, ..,200}.Springer Nature 2021 L ATEX template
Learning Curves for Decision Making 11
train set size|dtr|or number of iterations t0.180.200.220.240.260.28Error RateLearning Curve ( C)
Observations of an Empirical LC at anchors
Limit Performance
Saturation Point/Performance ( bsat/psat)
Pre-Exponential Point/Performance
Fig. 5 : Concepts related to a learning curve. Red: Limit performance. Green:
Saturation point bsat(vertical line) and saturation performance psat(hori-
zontal line). Orange: Pre-exponential point (vertical line) and pre-exponential
performance (horizontal line). The curve plateaus at a performance of 0.2; the
plateau is not visualized here to emphasise the difference between the pre-
exponential point and saturation point.
Limit Performance
It is generally assumed that learning curves converge to some value. In the
case of iterative learning curves, there are sometimes oscillations in the curve,
but even in such cases, the curve usually converges to some (in those cases,
typically a bad) value eventually. We are not aware of a particular term that
is used to describe the score to which a learner converges. Cortes et al (1994)
describes the limiting performance or the asymptotic performance of the data;
i.e., it is not the property of a particular learner but the best achievable perfor-
mance among all learners under consideration (even though only tested with
two model types in the paper). In this paper, we adopt the term limit perfor-
mance of the learner (on a fixed number of training instances in the case of
iteration-wise curves), and we denote this performance as plim.
Saturation Point
Intuitively, the saturation point is the anchor after which the performance
convergences. That is, the anchor after which all values are in a distance of less
than some pre-defined and typically very small ε. In early works, this point has
been called stopping point (Figueroa et al, 2012; Leite and Brazdil, 2003, 2004;
Meek et al, 2002; Provost et al, 1999). Provost et al (1999) characterise this
point as follow: “Models built with smaller training sets [than smin] have lower
accuracy than models built with from training sets of size smin, and models
built with larger training sets have no higher accuracy.” In the context of
those works, namely progressive sampling, the term stopping point makes sense
because they progressively sample until they reach the convergence region, and
then stop the sampling procedure. In the absence of such a mechanism, the
term appears a bit odd. The notion of saturation in the context of learningSpringer Nature 2021 L ATEX template
12 Learning Curves for Decision Making
curves was proposed by Tomanek (2010) and seems appropriate since the limit
performance has not been reached, but it has almost been reached. The curve
is saturated up to a mistake of ε.
We will denote the saturation point itself as bsat, emphasising that the
saturation point is an anchor. The saturation performance is simply the value
of the learning curve at that point. Both are defined in the context of a fixed
learner a. Hence, we can write the saturation performance as psat:=C(a,bsat)
in the context of a sample-wise curve or psat:=C(a,n,bsat) in the context of
an iteration-wise curve.
Pre-Exponential Point
A related concept is the pre-exponential point and, correspondingly, the pre-
exponential performance. The saturation point may be expensive to reach
in the sense that a lot of training data is necessary to obtain the satura-
tion performance. We call the smallest anchor point for which an increase by
a factor of qleads to a performance improvement of less than some δ, i.e.,
C(a,n)− C(a,q·n)< δ. Reasonable candidates for qcan be 2 or 10, while
candidates for δcan be 0 .01 or 0 .001 if the metric is the error rate. Its seman-
tic is that from the pre-exponential point on, one needs more than qk(i.e., an
exponentially increasing number of) training samples or iterations to improve
by a low margin of kδ. Correspondingly, the pre-exponential performance is
the performance that can be obtained by a comparably small anchor point.
Utility-Based Stopping Point
The utility-based stopping point is the point at which the acquisition of fur-
ther data points has a negative impact on the utility of the data analysing
entity. Therefore, this concept is associated with utility curves. The utility-
based stopping point is not related to the saturation point but, if at all, rather
to the pre-exponential point; we denote it as bu
sat. In Fig. 4, this is the peak of
the yellow curve.
Plateau
The right-sided open interval bounded by the saturation point from the left
is consistently called the plateau of the curve. However, a curve can also have
intermediate plateaus, i.e., intervals of (almost) constant performance without
being the final plateau.
Well-behaved Learning Curves
To our knowledge, the notion of a well-behaved learning curve is first used by
Provost et al (1999). A learning curve is said to be well behaved if its slope
is monotonically non-decreasing (for error-based learning curves). An even
stricter criterion demanding convexity of the curve, which implies monotonic-
ity, has been introduced recently by Mohr and van Rijn (2021, 2023). The
property of being well behaved is one of the true learning curve. The (linear
interpolation of an) empirical learning curve can often violate this condition,Springer Nature 2021 L ATEX template
Learning Curves for Decision Making 13
specifically when the number of validations conducted at the anchors is small
or when the learning curve has reached a plateau.
While it is known that not all learning curves are well behaved (Loog and
Duin, 2012; Loog et al, 2019), empirical studies suggest that such curves are
rather an exception and that most sample-wise curves are well behaved. Learn-
ing curves that are not well behaved are found above all in the context of
deep learning, where a double descent orpeaking phenomenon can be observed
(at times) for both sample-wise curves and iteration-wise curves (Nakkiran
et al, 2020); the effect was also observed decades ago for other learners (Val-
let et al, 1989). However, extensive empirical studies have shown that most
sample-wise curves are even convex (Mohr and van Rijn, 2023) and hence well
behaved. Some recent works suggest that potential ill behaviour can be mit-
igated by appropriate configuration or wrapping of learners (Mhammedi and
Husain, 2021; Nakkiran et al, 2021; Viering et al, 2020).
2.5 Relation to Other Types of Performance Curves
We briefly discuss the relation of learning curves to other types of curves
and problem settings. These curves are fundamentally different from learning
curves, and therefore, a more detailed coverage is beyond our scope.
2.5.1 Learning Curves in Active Learning
Active learning is a setting where the data scientist can acquire the label of
arbitrary instances (Settles, 2009) and hence can actively increase the training
set. On a concrete data source with a concrete initial dataset, a specific active
learning strategy creates a deterministically extended dataset for any arbitrary
anchor. While this allows drawing a curve that plots performance against the
number of training instances, this curve is not the one described in Eq. (2),
because the datasets are not sampled i.i.d. from PX×Y but dictated by the
active learning strategy; they are sample-optimised . Fig. 2 displays how this
theoretically relates to the normal sample-wise curve. We do not consider this
type of learning curve in this survey.
2.5.2 Learning Curves under Optimal Class Distribution
Similarly, we obtain such a biased learning curve if we do not preserve the class
distribution. Weiss and Provost (2003) have shown that it can be advantageous
to over-sample instances of a minority class if they occur substantially more
seldom than instances of a majority class. One can then ask for the best class
distribution for a certain anchor. Similar to the active learning case, this creates
a new distribution of datasets that does not coincide with PX×Y anymore. If
we optimise over the class distribution at each anchor, we obtain a curve with
the same axis labels as a sample-wise curve but a different semantics (and most
likely different values). For the case of two classes, this type of learning curve
is obtained by taking the budget-wise maximum of a performance surface as
proposed by Forman and Cohen (2004).Springer Nature 2021 L ATEX template
14 Learning Curves for Decision Making
sample sizeerror rate
iterations/timeerror rateSample-W ise Learning Curve Iteration-W ise Learning Curve
num featureserror rateFeature Curve
model capacityerror rateCapacity Curve
budgetUtility Curve
sample-
optimized curvestream curve
Fig. 6 : Feature curve example for a single learner, once for a fixed and finite
dataset size and once for an infinite dataset size.
2.5.3 Learning Curves on Data Streams
Another type of learning curve that violates the implicit assumptions made
in Eq. (2) is obtained when learning from data streams , a scenario in which
training instances are coming in sequentially and need to be processed under
strict time and memory constraints (Bifet et al, 2018). Incremental learners like
Hoeffding trees (Domingos and Hulten, 2000) and models induced by stochastic
gradient descent are natural solutions to this problem domain. When applied
to a data stream, these algorithms explicitly forget an instance once it has been
processed. This is not only to free memory but also to address the problem of
concept drift , i.e., the fact that PX×Y changes over time. In such a case, we do
not have that C(a,n) = lim t→∞C(a,n,t) but rather that C(a,n) =C(a,n,n),
where the learner is updated at every incoming training instance, and each of
theninstances was considered exactly once; for example, similar to training
a neural network for one epoch with batch size 1. While this produces a kind
of sample-wise curve, the result is clearly different from the learning curve
received in the normal batch setting. Fig. 2 displays how these type of curves
theoretically relate to the normal sample-wise curves.
Even though syntactically equivalent to a sample-wise curve, data stream
learning curves are substantially different and need different treatment. Due
to the (potential) concept drift over the time dimension, the i.i.d. assumption
is not guaranteed (da Costa et al, 2016). From a theoretical viewpoint, extrap-
olating the learning curve over time to meaningfully predict future behaviour
becomes impossible without the i.i.d. assumption. Due to its special nature,
the data stream setting is beyond our scope.
2.5.4 Feature Curves
Learning curves always consider a fixed number of features. Instead, one can
fix the number of training instances and consider the performance as a function
of the number of features. This yields so-called feature curves (Hughes, 1968;
Viering and Loog, 2023).
Defining meaningful feature curves is conceptually more difficult than
learning curves because of the importance that single features can have. ForSpringer Nature 2021 L ATEX template
Learning Curves for Decision Making 15
simplicity, consider only sample-wise curves for this comparison. In such learn-
ing curves, every point nis associated with the expected performance when
using ntraining instances. These ntraining instances are assumed to be drawn
independently and identically distributed from the underlying distribution.
According to the aforementioned definitions of a learning curve (per Eq. 2 and
Eq. 3), there is no notion of a more informative instance (even though this
notion clearly exists in the field of active learning ). In particular, the order in
which instances are drawn is irrelevant. However, in the context of features,
some features are often more informative than others (and again, other fea-
tures that have not been measured may be even more informative). Therefore,
in order to get an adequate overview, feature curves require some kind of aver-
aging over all possible sets of features of a fixed size that can be formed from
a base set of (available) features, as done by Hughes (1968). The fact that
some features might be more important than other features makes it hard to
model and extrapolate feature curves, as there is no reasonable set of assump-
tions to build these models on. Fig. 6 displays two theoretical examples of
feature curves. When having a finite number of samples, the performance of
these curves will, in the limit (when more features are added), deteriorate due
to the curse of dimensionality. Of course, when having infinite samples, the
performance of such feature curves will go to perfect performance.
Note that feature curves and learning curves can be integrated. For exam-
ple, Strang et al (2018) look at the combination of the number of instances
and the number of features. Since the effect of the number of features and the
number of instances on the overall performance is clearly not independent,
considering both together is sensible. At the same time, due to the ambigu-
ous semantics of feature curves already discussed above, using such combined
curves is not necessarily straightforward for decision making, and we are not
aware that the combined curve has been used for decision making so far.
2.5.5 Capacity Curves
Cortes et al (1994) introduce a curve that plots the performance of a config-
urable learner as a function of the complexity of its instantiation. For example,
the learner could be a neural network, and the complexity would then be the
number of hidden layers. In doing this, a fixed dataset size is assumed. In that
paper, this type of curve has no specific name, but we dub it the capacity curve
because they plot the performance as a function of capacity. Fig. 7 displays
examples of capacity curves.
Capacity curves are interesting from a theoretical viewpoint as they allow
us to analyse the intrinsic noise level of the given data. More precisely, one can
ask for the performance of a learner of some complexity level on, perhaps, an
infinite number of data points. If this value can be computed for every com-
plexity level, then we obtain a performance curve over the model complexity.
If the number of data points is large enough, this curve can be assumed to be
monotonically decreasing. If we have a maximally flexible learner (such as a
neural network) that can, in principle, assimilate any function, then the curveSpringer Nature 2021 L ATEX template
16 Learning Curves for Decision Making
sample sizeerror rate
iterations/timeerror rateSample-W ise Learning Curve Iteration-W ise Learning Curve
num featureserror rateFeature Curve
model capacityerror rateCapacity Curve
budgetUtility Curve
sample-
optimized curvestream curve
Fig. 7 : Capacity curve example for a learner class whose complexity can be
increased (e.g., a neural network), once for a fixed and finite dataset size and
once for the theoretical case of an infinite dataset size.
will converge towards the intrinsic noise of the data. That is, no learner can
improve over that performance.
2.5.6 Curriculum Learning
Curriculum learning is a paradigm inspired by human learning strategies, par-
ticularly how humans learn complex tasks by gradually increasing the difficulty
of the examples they are exposed to (Wang et al, 2022).
In curriculum learning, instead of randomly presenting training instances to
the model, instances are presented in a meaningful order, typically from simpler
to more complex sets of training instances. This can help the model learn more
effectively and converge faster by initially focusing on easier instances that are
simpler to learn and gradually introducing more difficult instances.
Learning curves related to curriculum learning come with all sorts of novel
challenges, such as interpreting the learning curve in case more complex test
instances are provided. Therefore, it is hard to make assumptions about what
a well-behaved curriculum learning curve would look like. For this reason, we
consider curriculum learning to be out of scope.
3 Modelling a Learning Curve
A learning curve model is a characterisation of the true learning curve derived
from an empirical learning curve. The empirical learning curve is the result
of sampling from a stochastic process that underlies noise stemming from
randomness in data splits and the learning algorithm itself. It is typically
assumed (Domhan et al, 2015; Figueroa et al, 2012; Klein et al, 2017a,b; Mohr
and van Rijn, 2023; Swersky et al, 2014) that, for any learner aand any budget
b∈N, this stochastic process follows the distribution
f(a,b)∼ N(µa,b, σ2
a,b) =µa,b+N(0, σ2
a,b), (5)
where µa,bis either C(a,b) as per Eq. (2) if modelling a sample-wise curve or
C(a,n,b) for some (implicit and not further specified) training set size nas
per Eq. (3) when modelling an iteration-wise curve. It assumes a noise that
follows a Gaussian distribution with zero mean and dispersion σ2
a,bthat maySpringer Nature 2021 L ATEX template
Learning Curves for Decision Making 17
vary over different anchor sizes. The assumption of a Gaussian noise is rea-
sonable, because most loss functions form an average over sample-wise scores,
which implies a Gaussian distribution through the Central Limit Theorem.
For simplicity, we will not make a difference between the two types of learning
curves, so that anchors are always denoted as budgets b(regardless of whether
this refers to training set size or iterations, epochs, trees, etc.).
The task of forming a learning curve model for one or multiple learners
is inherently one of supervised machine learning and requires the ability to
generalise across anchors (and possibly even learners). In practice, observations
are only available for a finite number of learner-anchor combinations O=
{(a1,b1),(a2,b2),(a3,b3), . . .}, and the task is to learn, for each learner a, a
model ˆfa(b) that expresses the belief about f(a,b) for anybudget b, not only
those in O. Therefore, it is not enough to simply create an explicit estimate
ofµa,bifor the anchors ( a, bi)∈O, but some general pattern must be learned.
Observe that ahere is not a parameter of ˆfa(b) since one often does not
generalise across learners. However, some approaches advocate a single model
ˆf(a,b) that estimates µa,bfor any learner-budget combination , where a∈A
andAis the set of all possible learners (Klein et al, 2017a,b; Swersky et al,
2014).
During this process of building a learning curve model, one generally needs
to cope with two types of uncertainty. First, the aleatoric uncertainty is σ2
a,b,
which is intrinsic and averaged out in the true learning curve. Again, this is the
uncertainty arising from randomness in the learner itself (if applicable) and
random effects in the splits (or more general: data collection) when computing
the empirical learning curve. Second, the epistemic uncertainty is the one the
learning curve model itself has about the estimate of the mean value µa,b. This
uncertainty can be removed by gathering more observations (i.e., extending
observation set O).
It is important to understand that epistemic uncertainty generally does
not indicate model quality. Epistemic uncertainty is not related to correctness:
A model can have no epistemic uncertainty (be absolutely sure) about an
actually wrong prediction, and similarly, it can be uncertain about a prediction
that is actually correct. Also, epistemic uncertainty gives no indication about
whether the class from which the predictive model is inferred is suitable for the
task, i.e., whether the true curve can be captured by the model that is fitted
(e.g., a power law). H¨ ullermeier and Waegeman (2021) discuss this for the
more general case of selecting an appropriate machine learning model. Recent
results suggest that many learning curves are not adequately captured even by
a very flexible parametric model, i.e., the 4-parameter MMF model (Kielh¨ ofer
et al, 2024), which motivates other, possibly non-parametric approaches for
modelling, such as the one used in freeze-thaw Bayesian optimisation (Swersky
et al, 2014). Therefore, the uncertainty at the meta-level about whether a
model class is suitable for a task cannot be captured in epistemic uncertainty
and must be studied independently.Springer Nature 2021 L ATEX template
18 Learning Curves for Decision Making
Modelling uncertainty in learning curve models typically implies modelling
theepistemic uncertainty about the curve mean µa,b. This uncertainty refers to
arbitrary anchors b, both those from the observed data Oas well as the anchors
that were not part of this. The three common patterns to define beliefs about
µa,bare (i) point estimates (no uncertainty is expressed), (ii) range estimates ,
e.g., confidence intervals for µa,b, or (iii) distribution estimates , which quantify
a full belief model over the true value of µa,b. The aleatoric uncertainty can
also be quantified and modelled, e.g., by taking many different samples per
anchor.
Fig. 8 illustrates all of these concepts together. The blue line µa,·repre-
sents the true learning curve as per Eq. 2 or Eq. 3 for all possible values of b.
As this integrates out all possible data splits as well as random factors from
the algorithm, each point is an average from a distribution of many possi-
ble performance values. The variance of this distribution is expressed as σ2
a,·.
This variance stems from the aleatoric uncertainty, in the sense that it is high
when the aleatoric uncertainty is high, and vice versa. As the budget b(rep-
resented on the x-axis) increases, the aleatoric uncertainty typically decreases,
and thereby the variance naturally decreases as well. The orange elements are
related to observations of the learners’ performance and the learning curve
model. The orange points (which all together form O) show observations made
on the empirical learning curve (as a sample from the blue distributions, this
can be one or more per point). Note that these do not necessarily need to align
with µa,·or fall within the variance bandwidth. The orange solid line shows a
point estimate defined by a parametric model obtained from the observations,
and in this example, it substantially deviates from the true curve (cf. Sec. 3.1).
The orange shaded area is a range estimate modelling epistemic uncertainty,
which grows as one moves away from the available data (cf. Sec. 3.2). Finally,
the dashed orange lines are distribution estimates for different budgets b(cf.
Sec. 3.3). Each of these dashed lines can be seen as a probability density func-
tion (rotated 90 degrees) for a certain budget b. Each curve shown sketches the
distribution of the belief about where the true mean may be situated, in this
figure modelled through Gaussian distributions. As we move away from the
observations, the shape of these bells grows bigger, indicating higher epistemic
uncertainty.
In the following sections, we will explain the three model types in more
depth. We explain the concept for models of the type ˆfa(b), i.e., models for a
specific learner a, because this is the most common case. Generalising a curve
model across learners requires additional logic, which we discuss along with
the models that utilise such generalised model in Sec. 5.2.3.
3.1 Point Estimates of the Learning Curve
The simplest type of learning curve model for a learner ajust estimates the
mean curve values µa,bfor any possible budget band ignores uncertainty
aspects (solid orange line in Fig. 8). Given an empirical learning curve in
the form of some finite samples from this process at different anchors B=Springer Nature 2021 L ATEX template
Learning Curves for Decision Making 19
µa,·
σ2
a,·
Observationsˆfa(Point Estimate)
ˆfa(Range Estimate)
ˆfa(Distribution Estimate)
Fig. 8 : Visualisation of various forms of uncertainty in learning curve mod-
elling. The blue line µa,·represents the true learning curve; the dot ·means
that it is for all budgets b. The variance over all possible curves that could
be sampled is expressed as σ2
a,·. The variance stems from the aleatoric uncer-
tainty. Orange points are anchors at which a learner’s performance has been
observed. From this, an empirical learning curve can be modelled. The orange
solid line, area, and dashed lines are point estimate, range estimate, and dis-
tribution estimate models, respectively. The latter two models also express
epistemic uncertainty.
{b1, ..,bn}, a regression model ˆfa(·|θ) :N→Ris trained with respect to some
model class with parameters θ. A considerable number of different parametric
models have been proposed over time for this task. To our knowledge, the first
proposal of such classes was made, apparently independently, by Cortes et al
(1993) and John and Langley (1996) with the three-parametric inverse power
law (IPL)
µa,b=α+βb−γ, (6)
where the parameters α, β, γ > 0 need to be optimised to fit the learning curve
for learner a. Frey and Fisher (1999) took a simplified variant of that model
(αb−β) and compared it to a logarithmic ( αlogb+β), and an exponential
model ( α·10−βb). While it has been argued, at least for the power-law family,
that there is a theoretical foundation for it (Seung et al, 1992), the considered
model classes are typically not theoretically motivated but rather pop up in
an ad-hoc manner. For example, Gu et al (2001) extended the above three
classes, without a specific motivation, by a vapor pressure model, the Morgan-
Mercer-Flodin (MMF) model, and a Weibull model.
Depending on the purpose of the model, it is essential to distinguish
between best-fitting and best-predictive models. As was pointed out by Gu
et al (2001), the model class that can best accommodate a given set of anchor
points is not always the one that will make the best predictions on a high
anchor when having been fit only on some initial anchors. To understand the
learning curve of a learner on a given dataset, one is interested in a best-fitting
model class. For extrapolation, one is interested in a best-predictive one.Springer Nature 2021 L ATEX template
20 Learning Curves for Decision Making
Our work does not seek to give a broad overview of different model classes
but rather about the usage of such models. We expose the inverse power law
model because it is arguably the most prominent model class and has been
advocated by many authors as a good fit for nearest neighbours, SVMs, deci-
sion trees, and neural networks (Frey and Fisher, 1999; Gu et al, 2001; Hess
and Wei, 2010; Richter and Khoshgoftaar, 2019). However, other models have
been proposed, e.g., based on differential equations (Boonyanunta and Zeep-
hongsekul, 2004) or other physical laws (Gu et al, 2001), and authors have
argued that other models, such as logarithmic shape can be a better fit (Gu
et al, 2001; Singh, 2005). For an updated and exhaustive overview of used
model classes, we refer to the work by Viering and Loog (2023).
3.2 Range Estimates of the Learning Curves
It has been recognised that incorporating some notion of uncertainty into the
model itself is important (Mukherjee et al, 2003). Formally, this amounts to
learn a range estimate function ˆfa:N→R2such that ˆfa(b)≡[u, v] with
some pre-defined semantic relationship between µa,band the interval [ u, v]. In
Fig. 8, this type of estimate is visualised through the orange area.
The semantics of the interval [ u, v] depend on what exactly is being mod-
elled, which also implies how the model is created. In the earliest known
attempt on this matter, Mukherjee et al (2003) model the (believed) interquar-
tile range of the actual distribution f(a,b) with this interval, i.e., values that
are expected to be observed with a certain probability if sampling at a specific
anchor (aleatoric uncertainty). In this approach, two parametric (i.e., inverse
power law) models are built, one from the 25 and one from the 75 quantile
for each observed anchor b. Even though the mean does not necessarily lie
between these quartiles in general, this is the case in a Gaussian distribution,
which is a sensible assumption as explained above. In contrast, Figueroa et al
(2012) use it to model a confidence interval of µa,b(epistemic uncertainty).
In this specific case, only one parametric model is learned, and the confidence
interval around the curve is obtained through analytical rather than stochastic
techniques. The confidence interval-based approach can also be thought of as
putting a probabilistic bound on the gap between the predicted performance
ˆfa(b) and the true value µa,b.
Again, the mere presence of interval-based predictions that express epis-
temic uncertainty should not lead to the"
Physics-Inspired_Interpretability_Of_Machine_Learning_Models.pdf,Not found,Not found,"s from the energy landscapes field, developed
in the physical sciences. By identifying conserved weights within groups of min-
ima of the loss landscapes, we can identify the drivers of model decision making.
Analogues to this idea exist in the molecular sciences, where coordinate invari-
ants or order parameters are employed to identify critical features of a molecule.
However, no such approach exists for machine learning loss landscapes. We will
demonstrate the applicability of energy landscape methods to machine learning
models and give examples, both synthetic and from the real world, for how these
methods can help to make models more interpretable.
1 I NTRODUCTION
Machine learning methods have achieved impressive","s in recent years. Besides famous appli-
cations in areas like chess (Silver et al., 2017a) and Go (Silver et al., 2017b), AI plays a critical role
in advances to autonomous driving (Grigorescu et al., 2020), protein structure prediction (Jumper
et al., 2021), cancer identification (Sammut et al., 2022) and in cybersecurity (Dasgupta et al., 2022).
However, in order for AI methods to take the next step and be commonly employed for critical ap-
plications without any humans in the loop, we want to be able to understand the decision making
process. A critical component towards explainable AI is understanding which parts of the input data
are utilised by the model in its decision making. In neural networks, the most popular approach is to
study the outgoing weights and gradients from an individual input node. Larger weights are reason-
ably assumed to indicate a greater significance of the particular input, and indeed, an entire class of
interpretability metrics, namely gradient-based methods, are founded on this idea (Simonyan et al.,
2013; Linardatos et al., 2020). Yet, given the immense complexity of overparameterised, deep neu-
ral networks, current methods are in practice often insufficient to appropriately explain a model.
Using methods from the physical sciences, we propose a novel approach as a next step towards
interpretable neural networks.
1.1 E NERGY LANDSCAPES
In the physical sciences, energy landscapes (ELs) are employed to explore molecular configuration
space (Wales et al., 1998; 2003). Each molecular configuration is associated with an energy value,
and local minima of the energy landscape represent stable isomers. The analogy to machine learning
loss landscapes (ML-LLs) is straightforward, the main difference perhaps being that non-minima are
valid configurations for sets of weights. Due to this similarity between ELs and ML-LLs, various,
well-established methods from the field of energy landscapes can be employed to study ML-LLs.
One key area of interest here is interpretability. Employing well-understood methods from a mature
field, with a solid mathematical basis in the physical world, to move away from black-box machine
learning models may be a helpful step towards interpretable machine learning models.
1arXiv:2304.02381v2  [cs.LG]  15 Dec 2024Accepted at the ICLR 2023 Workshop on Physics for Machine Learning
1.2 R ELATED WORK
Various approaches to interpretability in deep learning for neural networks exist. Below, we are
mostly interested in gradient-based methods due to their applicability to non-image data. Vari-
ous other methods to interpret the output of CNNs on images exist, as for example summarised in
Linardatos et al. (2020), but will not be reviewed below.
Gradient-based methods: All gradient-based methods are concerned with changes in the predic-
tion as the input data is slightly perturbed. For a vector-valued input x⊂X∈Rdand some
loss function, L, a gradient-based method computes some expression of the form ∂L/∂x, usually
for each input node individually. Gradient-based methods were first introduced for images by Si-
monyan et al. (2013), who used them to compute how changes in the input affect predictions in the
neighbourhood of the input, allowing the computation of a salience map (K ¨ummerer et al., 2014;
Zhao et al., 2015). More recently, integrated gradient methods (Sundararajan et al., 2017) consider
the derivative of the output (loss) with respect to individual input nodes. If the change in loss is
large with respect to some input feature, that feature is more likely to be relevant to the decision
making. Various other gradient and perturbation based methods exist (Alvarez-Melis & Jaakkola,
2018), yet their usefulness and accuracy is debated, and is generally agreed to be insufficient (Srini-
vas & Fleuret, 2020).
Energy landscapes in machine learning: Energy landscapes methods have been employed to study
machine learning in previous contributions (Ballard et al., 2017; Chitturi et al., 2020). Niroomand
et al. (2022) used energy landscapes to characterise new loss functions, and the landscapes view has
been used more broadly to gain insights into machine learning models (Segura et al., 2022; Verpoort
et al., 2020). Lastly, other applications of energy landscape methods have employed various con-
cepts from physical sciences in machine learning, including the heat capacity (Bradley et al., 2022;
Niroomand et al., 2022), both for characterisation and model improvement.
Interpreting energy landscapes: Due to the associated physical meaning, energy landscapes are
usually more easily interpretable. Only minima represent equilibrium configurations, and each min-
imum is associated with a unique structure. However, for larger, complex molecules, many minima
may exist, and enumerating them may be infeasible. Instead, common features between sets of min-
ima, grouped by their energetic properties, may be identified. For example, in (R ¨oder et al., 2020)
and (R ¨oder & Wales, 2022) a multi-funnelled landscape is analysed to understand which structural
differences of a molecule characterise solutions in a specific funnel.
2 E NERGY LANDSCAPES METHODS
The study of energy landscapes is a well-established field (Wales et al., 1998). Various approaches
exist for constructing a faithful representation of the landscape by optimising the non-convex energy
function, and visualising this landscape. Visualisation is commonly performed using disconnectivity
graphs (Becker & Karplus, 1997; Wales et al., 1998) as described below.
2.1 L ANDSCAPE VISUALISATION
A disconnectivity graph is a low-dimensional representation of a complex function landscape, which
reduces the function to key characteristic stationary points, namely minima and transition states. A
transition state is an index-1 saddle point of the funciton. The vertical axis of a disconnectivity graph
represents the energy or loss value, and ordering along the horizontal axis is arbitrary. To identify
distinct groups of minima, usually called funnels, we introduce the notion of levels and nodes.
Levels are cross-sections of the energy at some evenly spaced, discrete heights in the disconnectivity
graph. The highest energy level in the disconnectivity graph is level 1, and the lowest corresponds to
the global minimum. Thus, each minimum belongs to one of evenly spaced intervals. Within each
level, minima are grouped by a shared parent node, located higher up. In the disconnectivity graphs
below, levels and nodes are represented as level node.
In the molecular sciences, a transition state between two minima describes the energy barrier to be
overcome for a molecule to change configuration from one state to the other. This particular notion
does not have a direct meaning in machine learning. However, given the optimisation procedure
required for model training, the concept of a transition state is highly relevant, since it may determine
which minimum basin the optimiser will fall into. Thus, disconnectivity graphs can be employed
as a faithful coarse-grained representation of the loss landscape. In particular, it will be relevant
2Accepted at the ICLR 2023 Workshop on Physics for Machine Learning
below to understand that any group of minima close together, perhaps separated from other groups
of minima via high-lying transition states, may share commonalities. This effect has been observed
in (R ¨oder et al., 2020; R ¨oder & Wales, 2022) for molecular systems, and we find that the same
argument holds for ML-LLs.
3 E XPERIMENTS
We report results for two separate experiments on two datasets. We believe that the underlying
idea applies without loss of generality to any neural network architecture. However, further work
will be required to validate this suggestion. Figures 1and 2 show disconnectivity graphs for (1)
a 2-dimensional synthetic checkerboard dataset (Kluger et al., 2003) and (2) an anonymised, 29-
dimensional credit card fraud detection dataset (Dal Pozzolo et al., 2015), which are binary classi-
fication problems. The lowest lying node in each graph is the global minimum. To identify groups
of minima with conserved weights, we follow a two-step procedure. Firstly, we identify groups of
minima, that are separated from other groups by a higher-lying transition state. This segregation
leads to the notion of nodes and levels described above. Secondly, we identify groups of minima
that share a subset of conserved weights by computing the standard deviation of each weight across
each node in each level. A subset of weights ˜w⊂Wis conserved if σ(w)< n for any w∈W,
where Wdenotes the weights of all minima in one node of one level.
    0.47    0.47    0.47    0.48    0.48    0.49    0.49    0.49    0.50    0.50    0.51    0.51    0.51    0.52    0.52    0.53    0.53    0.53    0.54    0.54    0.55    0.55    0.55    0.56    0.56    0.57    0.57    0.57    0.58    0.58
8_1
9_2
10_6
11_5
12_6
13_9
14_12
15_12
16_8
17_5
18_7
19_4 19_8
20_13
21_8
22_6 22_11
23_323_8 23_9
24_11
25_7
Figure 1: Disconnectivity graph for the checkerboard dataset. The conserved weights for a specific
local minimum are highlighted in the respective colour for the chosen examples.
For visualisation purposes, we employ single-layer neural networks, which is sufficient for our anal-
ysis, with only a few nodes. The AUC of the best solutions is >0.95for both problems. Hence,
these networks provide a realistic solutions to the set problems. In both figures, we visualised the
conserved weights for a group of minima in the corresponding colour. In Figure 1, various weights
across the network are conserved, highlighting how this approach identifies relevant weights for the
model. In Figure 2, the funnel containing the global minimum (red) conserves 3 weights, all related
3Accepted at the ICLR 2023 Workshop on Physics for Machine Learning
to one specific input node. Randomly permuting the 3 identified weights for the group of minima
around the global minimum in figure 2 reduces the best AUC from ≈0.95to 0.76. In contrast,
permuting any random set of 3 weights by the same magnitude on average only decreases the best
AUC by 0.05 to an average best AUC of ≈0.9. In 2, for group 25 7 (red), weights for only a sin-
gle minimum are conserved, in group 22 6 (blue), weights outgoing from different input nodes are
conserved.
Figure 2: Disconnectivity graph for credit card data. Group 25 7 in red includes the global mini-
mum. Coloured edges indicate that for all minima in the specific group, these particular weights are
conserved, i.e. have a standard deviation < n which has been set to n= 0.01here.
3.1 P ERMUTATIONAL INVARIANCE GROUPS
As discussed in Niroomand et al. (2022), the magnitude of individual weights must always be viewed
with caution due to permutational isomers. For a given neural network of Hhidden layers, with
nlnodes in hidden layer l, there exist at least |G|=QH
l=1(nl!×2nl)sets of weights that are
invariant with respect to the model prediction. This effect must be considered when identifying
conserved weights; for example, a negative inverse could still be valid and conserved (Niroomand
et al., 2022). We account for this effect by identifying permutationally invariant sets of weights and
only considering a single minimum m∈ Gfor each G.
4 D ISCUSSION AND"
